destination_name,country,continent,category,cost,best_season,rating
Serene Temple,Morocco,Africa,Beach,174.84,Summer,4.5
Sacred Valley,Germany,Europe,Religious,94.41,Summer,4.6
Serene Temple,South Africa,Africa,Adventure,228.96,Summer,4.7
Sacred Plaza,Australia,Oceania,Nature,120.96,Summer,4.3
Golden Ruins,Mexico,North America,Adventure,162.1,Spring,3.9
Hidden Valley,Thailand,Asia,Historical,190.82,Spring,4
Hidden Park,Spain,Europe,Adventure,104.6,Summer,4.1
Grand Valley,Brazil,South America,Beach,118.53,Autumn,4.7
Ancient Beach,New Zealand,Oceania,Historical,122.78,Spring,4.5
Serene Valley,Kenya,Africa,City,119.99,Spring,4.8
Hidden Ruins,China,Asia,Historical,119.91,Autumn,5
Ancient Park,Japan,Asia,Historical,123.32,Winter,4.5
Grand Canyon,Morocco,Africa,City,191.13,Winter,4.1
Golden Temple,Morocco,Africa,Religious,288.92,Winter,4.9
Serene Park,Italy,Europe,Historical,186.92,Autumn,4.6
Lush Ruins,Peru,South America,City,99.55,Autumn,4
Sacred Canyon,Brazil,South America,City,126.97,Winter,4.8
Mystic Forest,South Africa,Africa,Adventure,93.47,Autumn,4.5
Mystic Ruins,Vietnam,Asia,Beach,116.15,Summer,4.7
Lush Forest,Kenya,Africa,Adventure,179.11,Summer,4.8
Ancient Forest,Brazil,South America,Nature,108.04,Summer,4.4
Grand Ruins,Brazil,South America,Religious,74.59,Spring,4.8
Mystic Forest,India,Asia,Beach,94.68,Spring,4.1
Sacred Park,Greece,Europe,Religious,191.74,Spring,4.6
Sacred Forest,Canada,North America,City,168.08,Spring,4.3
Ancient Falls,France,Europe,Nature,224.77,Spring,4.6
Ancient Valley,Argentina,South America,City,30,Summer,4.7
Lush Forest,Vietnam,Asia,Beach,79.06,Winter,4.8
Sacred Temple,USA,North America,Historical,139.02,Autumn,4.6
Sacred Pagoda,Argentina,South America,Adventure,110.54,Spring,4.7
Golden Park,Greece,Europe,City,109.58,Winter,4.3
Golden Temple,New Zealand,Oceania,City,175.07,Winter,4.8
Serene Canyon,Spain,Europe,Beach,123.51,Spring,4.7
Lush Temple,Kenya,Africa,Adventure,218.59,Winter,4.6
Grand Falls,Vietnam,Asia,Adventure,114.9,Winter,4.4
Golden Valley,Thailand,Asia,Adventure,213.69,Autumn,4.4
Ancient Temple,Italy,Europe,Adventure,150.26,Spring,4.4
Mystic Canyon,Canada,North America,City,130.22,Autumn,4.4
Sacred Valley,India,Asia,City,141.94,Summer,4.6
Serene Ruins,Italy,Europe,Religious,102.85,Summer,4.9
Grand Beach,Thailand,Asia,Adventure,54.06,Autumn,4.5
Crystal Pagoda,USA,North America,Adventure,155.12,Summer,4.4
Crystal Temple,Argentina,South America,Adventure,140.38,Autumn,4.6
Golden Beach,Italy,Europe,Nature,166.99,Summer,4.5
Sacred Valley,South Africa,Africa,Adventure,207.14,Winter,4.7
Serene Plaza,USA,North America,Beach,109.91,Summer,4.9
Golden Park,Greece,Europe,Nature,179.34,Winter,5
Serene Falls,Spain,Europe,Adventure,125.33,Spring,4.8
Crystal Pagoda,Mexico,North America,Historical,154.98,Autumn,4.3
Ancient Valley,Peru,South America,Beach,150.46,Summer,4.4
Hidden Valley,New Zealand,Oceania,City,96.88,Spring,4.6
Sacred Canyon,Mexico,North America,Historical,181.03,Spring,4.5
Sacred Canyon,Egypt,Africa,Religious,110.84,Summer,4.4
Ancient Forest,Kenya,Africa,Beach,132.16,Winter,4.7
Hidden Temple,Germany,Europe,Historical,161.37,Spring,4.9
Crystal Beach,Kenya,Africa,Religious,133.78,Spring,4.4
Golden Beach,Spain,Europe,Religious,162.99,Autumn,4.7
Lush Forest,Peru,South America,City,214.97,Spring,4.2
Mystic Forest,Thailand,Asia,Nature,162.52,Summer,4.6
Golden Canyon,Italy,Europe,Historical,161.31,Winter,4.8
Serene Valley,Japan,Asia,Beach,164.65,Spring,4.3
Mystic Temple,Japan,Asia,Nature,158.74,Autumn,4.1
Hidden Plaza,USA,North America,City,90.43,Autumn,4.7
Ancient Plaza,Kenya,Africa,Religious,112.44,Winter,4.2
Lush Falls,Italy,Europe,Adventure,198.17,Winter,4.6
Serene Plaza,Argentina,South America,City,106.62,Winter,4.5
Crystal Falls,Peru,South America,Historical,105.52,Summer,4.3
Sacred Falls,Morocco,Africa,Nature,193.93,Autumn,4.4
Crystal Beach,France,Europe,Beach,150.65,Spring,4.9
Hidden Plaza,Greece,Europe,Nature,79.68,Autumn,4.5
Serene Canyon,Egypt,Africa,Nature,96.46,Summer,4.6
Sacred Temple,Italy,Europe,Religious,143.79,Autumn,4.7
Hidden Park,Japan,Asia,Adventure,107.66,Summer,4
Crystal Forest,Peru,South America,Religious,103.7,Summer,4.3
Crystal Forest,Argentina,South America,Religious,158.66,Autumn,4.6
Grand Ruins,Germany,Europe,City,161.55,Autumn,4.3
Golden Canyon,Egypt,Africa,Nature,152.91,Spring,4.2
Hidden Pagoda,Argentina,South America,City,193.62,Autumn,4.8
Mystic Valley,India,Asia,Adventure,81.12,Winter,4.2
Serene Canyon,Argentina,South America,Nature,165.22,Spring,4.6
Serene Pagoda,Mexico,North America,City,175.75,Winter,5
Serene Plaza,Egypt,Africa,Beach,216.54,Autumn,4.8
Golden Valley,Vietnam,Asia,Adventure,134.24,Winter,4.7
Sacred Pagoda,Thailand,Asia,City,158.25,Winter,4.2
Ancient Pagoda,Italy,Europe,Nature,265.73,Winter,3.9
Lush Park,Germany,Europe,Adventure,129.27,Spring,4.5
Lush Pagoda,Australia,Oceania,Adventure,126.4,Autumn,4.8
Sacred Pagoda,Brazil,South America,City,228.02,Spring,4.5
Crystal Temple,Morocco,Africa,City,113.48,Spring,4.6
Ancient Ruins,Brazil,South America,Historical,269.45,Spring,5
Serene Valley,Germany,Europe,City,48.74,Autumn,4.6
Grand Beach,Thailand,Asia,Adventure,127.78,Spring,4
Golden Park,Canada,North America,Adventure,175.25,Autumn,4.8
Crystal Plaza,China,Asia,Adventure,133.29,Summer,4.4
Crystal Plaza,Thailand,Asia,Nature,238.27,Winter,4.6
Grand Ruins,Vietnam,Asia,Beach,168.86,Autumn,5
Golden Valley,India,Asia,City,74.03,Summer,4.4
Mystic Beach,Morocco,Africa,Adventure,138.13,Winter,5
Hidden Falls,Brazil,South America,Adventure,30,Spring,4.2
Ancient Pagoda,China,Asia,Historical,50.25,Autumn,4.1
Hidden Temple,France,Europe,Religious,128,Summer,4.5
Serene Temple,Morocco,Africa,Beach,152.93,Summer,5
Lush Valley,France,Europe,Nature,100.92,Winter,4.6
Hidden Ruins,South Africa,Africa,City,139.88,Autumn,4.5
Mystic Canyon,Egypt,Africa,Nature,155.68,Summer,4.7
Grand Plaza,Greece,Europe,Nature,119.24,Summer,5
Crystal Park,Canada,North America,Beach,142.41,Winter,4.7
Grand Falls,Greece,Europe,Nature,125.68,Summer,4.6
Grand Pagoda,Spain,Europe,Nature,120.53,Spring,4.8
Lush Ruins,Greece,Europe,Adventure,197.6,Spring,4.9
Sacred Pagoda,Thailand,Asia,City,190.64,Spring,4.7
Serene Valley,India,Asia,Adventure,177.59,Spring,4.3
Grand Falls,Brazil,South America,Adventure,148.95,Winter,4.5
Serene Falls,France,Europe,Adventure,116.54,Spring,4.8
Crystal Forest,Brazil,South America,Historical,139.12,Spring,4.8
Grand Pagoda,France,Europe,Nature,129.6,Winter,4.6
Lush Pagoda,New Zealand,Oceania,City,215.27,Autumn,4.5
Serene Canyon,France,Europe,Beach,138.04,Spring,4.8
Sacred Falls,Kenya,Africa,Nature,166.21,Spring,4.5
Lush Canyon,Thailand,Asia,Religious,245.62,Spring,4.8
Serene Falls,Argentina,South America,Historical,99.7,Winter,4.1
Lush Canyon,Greece,Europe,Religious,188.53,Winter,4.7
Serene Canyon,South Africa,Africa,Nature,149.39,Spring,4.2
Sacred Ruins,Mexico,North America,Historical,45.5,Winter,5
Mystic Pagoda,Brazil,South America,Beach,108.73,Summer,4.4
Lush Falls,Greece,Europe,Beach,180.69,Spring,4.9
Lush Valley,USA,North America,Beach,162.25,Spring,4.3
Golden Ruins,Spain,Europe,Adventure,177.96,Autumn,4.8
Serene Valley,Germany,Europe,Nature,77.6,Spring,4.1
Grand Pagoda,New Zealand,Oceania,Adventure,116.79,Winter,4.9
Golden Park,India,Asia,Historical,165.55,Autumn,4.9
Ancient Ruins,Greece,Europe,City,134.88,Winter,4.5
Grand Pagoda,Mexico,North America,City,166.14,Summer,4.3
Crystal Canyon,Egypt,Africa,Adventure,174.63,Spring,4.5
Serene Plaza,India,Asia,Beach,184.51,Winter,4.4
Crystal Ruins,Greece,Europe,Nature,153.48,Winter,4.8
Crystal Pagoda,Spain,Europe,Beach,154.88,Winter,4.3
Crystal Forest,Greece,Europe,Adventure,263.79,Spring,4.6
Golden Plaza,New Zealand,Oceania,Adventure,257.66,Autumn,4.3
Serene Park,Peru,South America,Nature,144.45,Spring,4.8
Mystic Pagoda,South Africa,Africa,Beach,108.01,Spring,4.3
Mystic Park,Australia,Oceania,Religious,201.63,Autumn,4
Lush Falls,Thailand,Asia,Religious,167.09,Autumn,5
Mystic Falls,Thailand,Asia,Historical,178.57,Spring,4.8
Grand Forest,Thailand,Asia,Religious,83.99,Autumn,5
Hidden Valley,Italy,Europe,Adventure,146.32,Summer,4.4
Sacred Pagoda,China,Asia,Nature,64.34,Summer,4.9
Lush Pagoda,Thailand,Asia,Beach,163.78,Winter,4.6
Crystal Pagoda,Italy,Europe,City,70.28,Spring,4.3
Serene Ruins,Vietnam,Asia,Beach,162.97,Summer,4.6
Ancient Temple,Argentina,South America,Nature,150.26,Summer,4.5
Mystic Pagoda,Greece,Europe,Adventure,134.35,Summer,4
Lush Pagoda,Argentina,South America,Nature,156.01,Spring,4.7
Sacred Ruins,Mexico,North America,Adventure,203.02,Winter,5
Sacred Canyon,Spain,Europe,Historical,166.62,Autumn,4.3
Lush Ruins,France,Europe,Historical,155.74,Spring,5
Sacred Forest,India,Asia,Nature,253.04,Autumn,5
Serene Park,China,Asia,Adventure,98.98,Spring,4.4
Lush Plaza,China,Asia,City,182.27,Autumn,4.9
Golden Ruins,China,Asia,Religious,128.32,Winter,4.4
Lush Valley,Australia,Oceania,Nature,202.92,Spring,4
Grand Ruins,Australia,Oceania,Adventure,194.3,Summer,4.5
Grand Valley,Spain,Europe,Adventure,225.12,Spring,4.5
Lush Forest,Peru,South America,Religious,199.08,Autumn,4.6
Crystal Temple,Italy,Europe,Nature,64.83,Summer,4.5
Ancient Pagoda,Spain,Europe,Adventure,149.69,Summer,4.6
Golden Falls,USA,North America,Religious,84.78,Spring,4.7
Mystic Temple,Italy,Europe,Historical,94.94,Spring,4.6
Ancient Park,Australia,Oceania,Adventure,146.87,Winter,4.8
Mystic Temple,China,Asia,Nature,127.67,Winter,4.4
Golden Pagoda,India,Asia,Religious,123.49,Spring,4.3
Hidden Park,Argentina,South America,Religious,78.3,Winter,4.4
Lush Canyon,Argentina,South America,Religious,248.24,Autumn,4.5
Grand Park,Canada,North America,Adventure,175.73,Autumn,4.9
Crystal Beach,Japan,Asia,Nature,144.38,Spring,4.4
Golden Park,Kenya,Africa,Adventure,113.18,Spring,4.7
Hidden Temple,Vietnam,Asia,Historical,136.25,Winter,3.8
Mystic Valley,Morocco,Africa,City,118.67,Spring,3.8
Lush Beach,Morocco,Africa,Religious,178.83,Summer,4.6
Crystal Falls,South Africa,Africa,Historical,101.39,Winter,4.5
Sacred Falls,Thailand,Asia,City,69.68,Winter,4.6
Crystal Pagoda,Australia,Oceania,Nature,140.65,Spring,4.5
Lush Valley,Argentina,South America,Religious,117.67,Spring,4.2
Sacred Falls,Germany,Europe,City,160.91,Autumn,4.8
Ancient Pagoda,Spain,Europe,Adventure,149.6,Summer,4.9
Hidden Valley,Japan,Asia,Religious,268.72,Spring,4.8
Sacred Falls,Kenya,Africa,City,98.14,Autumn,4.4
Lush Canyon,Egypt,Africa,City,219.79,Summer,4.1
Golden Canyon,Morocco,Africa,Adventure,80.07,Summer,4.7
Sacred Ruins,Vietnam,Asia,Beach,127.09,Summer,4.3
Sacred Plaza,China,Asia,Adventure,120.38,Spring,4.2
Ancient Pagoda,South Africa,Africa,Religious,30,Winter,4.7
Hidden Temple,Egypt,Africa,Adventure,138.05,Spring,4.2
Ancient Falls,India,Asia,Adventure,161.87,Winter,4.6
Crystal Temple,New Zealand,Oceania,Religious,175.05,Spring,4.2
Golden Beach,Greece,Europe,Adventure,252.17,Summer,5
Serene Valley,Peru,South America,City,116.87,Winter,4.7
Serene Falls,New Zealand,Oceania,City,163.99,Winter,3.7
Mystic Ruins,Germany,Europe,Nature,162.99,Summer,4.2
Golden Ruins,New Zealand,Oceania,Historical,93.04,Winter,4.6
Golden Ruins,France,Europe,Historical,117.41,Winter,4.5
Sacred Valley,Brazil,South America,Beach,119.9,Winter,4.7
Sacred Park,Spain,Europe,Adventure,176.49,Autumn,4.9
Golden Forest,Greece,Europe,Adventure,61.49,Winter,4.2
Lush Plaza,Argentina,South America,Adventure,168.56,Summer,4.3
Lush Valley,Thailand,Asia,Religious,174.4,Summer,5
Crystal Park,Spain,Europe,Historical,166.88,Winter,4.4
Sacred Canyon,Morocco,Africa,Nature,134.08,Spring,4.4
Ancient Forest,India,Asia,Nature,164.49,Autumn,5
Grand Falls,Canada,North America,Adventure,136.49,Autumn,4.8
Hidden Plaza,India,Asia,Adventure,48.09,Autumn,4.2
Mystic Pagoda,Peru,South America,Religious,202.58,Spring,4.2
Ancient Falls,Spain,Europe,Beach,166.35,Summer,4.4
Sacred Forest,Germany,Europe,Nature,194.62,Summer,4.5
Grand Beach,Peru,South America,Religious,76.07,Summer,4.8
Sacred Temple,Argentina,South America,Nature,175.47,Spring,4.9
Ancient Falls,Germany,Europe,Religious,159.09,Autumn,4.6
Serene Plaza,New Zealand,Oceania,Historical,95.43,Summer,4.3
Crystal Beach,New Zealand,Oceania,Nature,153.58,Summer,4.4
Hidden Beach,USA,North America,Historical,132.62,Spring,4.7
Golden Valley,USA,North America,City,136.51,Autumn,4.2
Hidden Ruins,Australia,Oceania,City,128.63,Autumn,4.3
Ancient Beach,Japan,Asia,Historical,193.48,Spring,4.9
Crystal Pagoda,Germany,Europe,City,68.39,Summer,4.6
Grand Canyon,Kenya,Africa,Adventure,61.06,Autumn,4.9
Ancient Canyon,Canada,North America,Nature,159.03,Summer,5
Crystal Beach,Kenya,Africa,Religious,155.47,Autumn,4.7
Crystal Temple,Mexico,North America,Adventure,160.84,Summer,4.6
Golden Pagoda,Germany,Europe,Historical,244.1,Spring,4.9
Serene Forest,Thailand,Asia,City,159.19,Winter,4.5
Golden Plaza,New Zealand,Oceania,Religious,100.52,Spring,4.5
Grand Park,France,Europe,Adventure,276.93,Summer,4.7
Grand Beach,China,Asia,Religious,142.1,Autumn,4.4
Hidden Valley,Peru,South America,City,192.61,Autumn,3.8
Grand Forest,Thailand,Asia,Beach,85.5,Winter,4.1
Serene Falls,Spain,Europe,Adventure,74.86,Spring,4.4
Serene Falls,USA,North America,Beach,137.71,Summer,4.4
Mystic Canyon,Japan,Asia,Religious,190.22,Winter,4.5
Ancient Ruins,Canada,North America,City,242.45,Winter,4.8
Lush Park,Morocco,Africa,Adventure,99.14,Autumn,4.7
Hidden Ruins,Morocco,Africa,Religious,136.56,Spring,4.2
Crystal Canyon,India,Asia,Beach,150.03,Autumn,4.5
Crystal Pagoda,South Africa,Africa,Beach,150.7,Spring,4.5
Crystal Valley,India,Asia,Beach,144.26,Summer,4.5
Sacred Beach,Morocco,Africa,Beach,148.36,Autumn,4.3
Lush Forest,India,Asia,Nature,219.43,Winter,3.7
Hidden Valley,Germany,Europe,Beach,212.3,Autumn,3.9
Lush Pagoda,Australia,Oceania,Religious,164.49,Winter,4.4
Crystal Plaza,Australia,Oceania,Nature,79.62,Winter,4.3
Hidden Valley,Thailand,Asia,Historical,131.91,Summer,4.5
Mystic Falls,Peru,South America,Beach,196.78,Autumn,4.9
Crystal Plaza,Spain,Europe,Nature,114.78,Winter,4.3
Grand Falls,Germany,Europe,Nature,123.77,Summer,4.6
Grand Forest,Germany,Europe,Religious,132.47,Summer,4.4
Serene Falls,Japan,Asia,Beach,185.55,Spring,4.6
Mystic Valley,Vietnam,Asia,City,232.32,Winter,4.2
Mystic Park,Argentina,South America,Beach,179.66,Summer,4.4
Mystic Pagoda,China,Asia,City,66.51,Winter,5
Serene Pagoda,Italy,Europe,Adventure,123.86,Spring,4.8
Serene Canyon,Egypt,Africa,Historical,215.79,Autumn,4
Lush Pagoda,Vietnam,Asia,City,85.98,Spring,5
Serene Park,Argentina,South America,Adventure,62.33,Autumn,4.3
Hidden Forest,Germany,Europe,Historical,122.75,Summer,4.6
Mystic Canyon,Greece,Europe,Religious,198.59,Summer,4.5
Ancient Temple,India,Asia,Nature,131.82,Winter,4.5
Grand Forest,India,Asia,Historical,257.76,Summer,4.7
Hidden Temple,Japan,Asia,City,158.54,Autumn,4.4
Hidden Ruins,France,Europe,Historical,85.58,Summer,4.5
Lush Ruins,Germany,Europe,Beach,159.79,Spring,4.2
Golden Canyon,Vietnam,Asia,Adventure,250.28,Summer,4.7
Crystal Temple,Canada,North America,City,162.8,Autumn,4.8
Lush Valley,Argentina,South America,Beach,99.81,Summer,4.7
Serene Ruins,Greece,Europe,Adventure,57.96,Summer,4.1
Serene Park,Argentina,South America,Adventure,132.6,Summer,4.6
Hidden Valley,Thailand,Asia,City,119.42,Summer,4.1
Lush Beach,Australia,Oceania,Nature,217.07,Summer,4.2
Golden Falls,Morocco,Africa,Adventure,102.53,Spring,5
Ancient Park,Spain,Europe,Historical,154.77,Winter,4.6
Hidden Ruins,Peru,South America,City,121.22,Summer,4.5
Mystic Valley,Kenya,Africa,Adventure,65.52,Autumn,4.8
Serene Beach,India,Asia,Beach,148.25,Spring,5
Sacred Pagoda,Peru,South America,Historical,72.1,Autumn,4.4
Golden Falls,Brazil,South America,Beach,181.62,Winter,4.8
Grand Pagoda,Brazil,South America,Beach,61.86,Spring,4.8
Lush Falls,China,Asia,Historical,146.28,Winter,4.7
Ancient Plaza,Australia,Oceania,Historical,203.23,Summer,4.5
Ancient Falls,Egypt,Africa,City,177.99,Spring,4.8
Grand Ruins,Kenya,Africa,Historical,127.31,Spring,4.7
Hidden Park,India,Asia,Historical,171.48,Autumn,4.6
Grand Falls,Thailand,Asia,Historical,190.92,Summer,4.5
Mystic Park,Australia,Oceania,Religious,95.95,Winter,4.8
Serene Falls,Kenya,Africa,Adventure,206.45,Summer,4.5
Lush Falls,Japan,Asia,Adventure,196.91,Summer,4.3
Sacred Falls,Japan,Asia,Adventure,79.74,Summer,4.7
Ancient Beach,China,Asia,Historical,161.11,Spring,4.4
Ancient Canyon,USA,North America,Adventure,136.95,Autumn,4.5
Crystal Pagoda,Brazil,South America,Religious,222.35,Autumn,4.6
Lush Ruins,Canada,North America,Beach,193.39,Winter,4.6
Ancient Forest,India,Asia,Beach,154.11,Spring,4.8
Mystic Falls,New Zealand,Oceania,Historical,211.16,Spring,4.3
Mystic Temple,Australia,Oceania,City,264.94,Summer,4.4
Hidden Pagoda,Vietnam,Asia,Beach,65.91,Spring,4
Grand Pagoda,New Zealand,Oceania,City,128.99,Summer,4.4
Ancient Ruins,Australia,Oceania,Adventure,99.69,Autumn,4.2
Sacred Falls,Peru,South America,Religious,148.27,Summer,4.6
Mystic Plaza,Germany,Europe,Nature,96.47,Winter,4.7
Crystal Ruins,Australia,Oceania,Beach,199.22,Summer,4.4
Sacred Canyon,USA,North America,Historical,265.49,Winter,4.3
Sacred Canyon,Spain,Europe,Historical,158.32,Winter,4.6
Ancient Forest,Germany,Europe,Religious,71.5,Spring,4.5
Hidden Park,Morocco,Africa,City,118.84,Winter,4.3
Crystal Temple,Italy,Europe,Beach,125.2,Summer,4.4
Sacred Canyon,South Africa,Africa,Adventure,221.03,Summer,4.3
Grand Canyon,Morocco,Africa,Historical,167.18,Autumn,4.4
Grand Pagoda,India,Asia,Beach,160.15,Summer,4
Hidden Falls,India,Asia,City,107.99,Spring,4.5
Sacred Forest,Japan,Asia,Adventure,119.36,Winter,4.4
Crystal Pagoda,Greece,Europe,Historical,177.17,Winter,4.8
Grand Park,Mexico,North America,City,141.15,Summer,4.3
Hidden Temple,Thailand,Asia,City,194.21,Winter,4.2
Crystal Pagoda,USA,North America,Adventure,124.12,Autumn,4.6
Serene Temple,France,Europe,Beach,30,Autumn,4.2
Lush Park,South Africa,Africa,Historical,125.53,Summer,4.8
Golden Valley,Morocco,Africa,Religious,68.03,Autumn,4.6
Grand Falls,Thailand,Asia,City,179.53,Spring,4.8
Serene Falls,Italy,Europe,Adventure,170.28,Summer,4.7
Lush Forest,New Zealand,Oceania,Historical,203.33,Summer,4.9
Ancient Plaza,Brazil,South America,Nature,117.54,Summer,4.6
Serene Park,Japan,Asia,Historical,141.64,Spring,4.5
Mystic Falls,Australia,Oceania,Adventure,115.52,Summer,4.6
Sacred Ruins,Vietnam,Asia,Nature,151.44,Autumn,4.9
Crystal Park,Peru,South America,Nature,190.89,Spring,4.1
Crystal Pagoda,Peru,South America,Nature,82.01,Autumn,4.7
Grand Park,France,Europe,Historical,224.76,Spring,4.6
Crystal Park,Argentina,South America,Religious,162.47,Summer,5
Mystic Forest,South Africa,Africa,City,210.45,Summer,4.1
Serene Beach,Morocco,Africa,Religious,127.68,Autumn,4.6
Lush Falls,South Africa,Africa,Religious,131.85,Summer,4.6
Grand Forest,Thailand,Asia,City,209.75,Autumn,4
Sacred Temple,Egypt,Africa,Adventure,168.36,Summer,4.3
Hidden Ruins,New Zealand,Oceania,Historical,228.28,Autumn,4.5
Crystal Park,India,Asia,Nature,64.95,Spring,4.4
Crystal Temple,Vietnam,Asia,City,77.6,Winter,3.8
Lush Falls,Argentina,South America,Historical,182.43,Winter,4.8
Sacred Plaza,Vietnam,Asia,Historical,162.19,Spring,4.3
Crystal Valley,China,Asia,Historical,138.88,Winter,4.2
Serene Temple,Japan,Asia,Adventure,242.33,Spring,4.2
Serene Temple,New Zealand,Oceania,Historical,194.89,Spring,4.4
Golden Valley,Italy,Europe,Religious,87.42,Winter,4.9
Mystic Beach,Thailand,Asia,Historical,175.28,Autumn,4.5
Lush Pagoda,New Zealand,Oceania,City,167.14,Autumn,4.6
Golden Valley,Morocco,Africa,City,173,Spring,4.7
Golden Ruins,Morocco,Africa,Nature,159.83,Winter,4.7
Grand Pagoda,Thailand,Asia,City,98.46,Summer,4.5
Golden Canyon,USA,North America,Religious,116.18,Spring,5
Hidden Canyon,South Africa,Africa,Nature,112.96,Summer,4.5
Mystic Forest,India,Asia,Religious,192.03,Autumn,4.3
Hidden Ruins,India,Asia,Historical,136.16,Winter,4.5
Golden Falls,India,Asia,Religious,127.38,Spring,3.8
Grand Plaza,Argentina,South America,Nature,201.18,Winter,4.2
Ancient Ruins,Australia,Oceania,Historical,101.65,Summer,4.5
Golden Canyon,Germany,Europe,Adventure,270.1,Spring,4.5
Hidden Canyon,China,Asia,City,138.95,Autumn,4.5
Hidden Temple,South Africa,Africa,Religious,106.18,Summer,4.5
Mystic Plaza,Italy,Europe,Religious,99.92,Summer,4.4
Crystal Falls,Kenya,Africa,Nature,199.44,Spring,4.7
Lush Ruins,Egypt,Africa,City,219.97,Winter,4.8
Sacred Pagoda,India,Asia,Religious,240.6,Spring,4.6
Ancient Forest,New Zealand,Oceania,Religious,194.76,Winter,4.7
Ancient Beach,India,Asia,Nature,155.73,Spring,4.8
Mystic Ruins,New Zealand,Oceania,Nature,253.76,Winter,4.3
Serene Park,Peru,South America,Nature,131.52,Autumn,4.6
Lush Ruins,Vietnam,Asia,Beach,117.43,Autumn,4.4
Sacred Pagoda,Australia,Oceania,Adventure,98.42,Autumn,4.3
Golden Temple,Kenya,Africa,Historical,148.78,Summer,5
Ancient Forest,South Africa,Africa,Beach,103.34,Summer,4.7
Grand Ruins,Italy,Europe,Beach,151.9,Autumn,4.5
Grand Pagoda,Germany,Europe,Religious,124.89,Autumn,4.6
Sacred Ruins,China,Asia,Adventure,137.13,Summer,4
Sacred Plaza,Morocco,Africa,Historical,196.64,Summer,4.8
Golden Canyon,Australia,Oceania,City,88.71,Winter,4.1
Serene Temple,India,Asia,Religious,71.91,Autumn,5
Ancient Beach,India,Asia,Historical,203.93,Winter,4.5
Ancient Valley,Kenya,Africa,Adventure,68.35,Summer,4.3
Golden Temple,Egypt,Africa,Beach,223.83,Autumn,4.9
Serene Beach,Italy,Europe,Adventure,170.08,Autumn,4.3
Hidden Park,Germany,Europe,Nature,122.48,Spring,4.3
Mystic Forest,Egypt,Africa,Religious,166.19,Spring,4.4
Sacred Park,Mexico,North America,Adventure,177.18,Spring,4.4
Golden Falls,USA,North America,Religious,38.28,Autumn,4.6
Hidden Plaza,Morocco,Africa,Religious,131.88,Autumn,4.2
Sacred Pagoda,Thailand,Asia,City,190.36,Spring,4.1
Mystic Pagoda,Mexico,North America,City,126.61,Spring,4.6
Sacred Forest,Italy,Europe,Nature,72.21,Autumn,4.4
Hidden Valley,Germany,Europe,Adventure,153.84,Winter,4.1
Serene Beach,India,Asia,Historical,137.04,Summer,4.9
Serene Park,Brazil,South America,Adventure,225.04,Summer,4.8
Hidden Canyon,Kenya,Africa,Nature,192.35,Winter,4.9
Ancient Pagoda,France,Europe,City,169.1,Winter,4.6
Serene Forest,Mexico,North America,Religious,134.83,Winter,4.6
Hidden Canyon,Peru,South America,Historical,146.42,Autumn,4.5
Lush Falls,Brazil,South America,Historical,143.45,Autumn,4.2
Serene Ruins,Canada,North America,Historical,153.93,Spring,3.9
Serene Falls,France,Europe,Historical,156.97,Autumn,4.6
Hidden Canyon,Mexico,North America,Adventure,199.9,Winter,3.6
Hidden Ruins,Vietnam,Asia,Religious,106.44,Autumn,4.6
Sacred Beach,Germany,Europe,Religious,205.41,Autumn,4.2
Golden Beach,Australia,Oceania,Beach,163.83,Summer,4.3
Mystic Beach,Thailand,Asia,City,140.47,Winter,4.6
Lush Pagoda,Canada,North America,Nature,148.46,Autumn,5
Sacred Canyon,France,Europe,Beach,160.05,Autumn,4.8
Grand Ruins,New Zealand,Oceania,Historical,159.88,Summer,4.6
Sacred Canyon,Greece,Europe,Beach,181.94,Winter,4.2
Grand Pagoda,Japan,Asia,Historical,111.42,Autumn,4.6
Ancient Beach,South Africa,Africa,City,146.79,Winter,4.6
Lush Beach,Spain,Europe,Adventure,167.03,Autumn,4.9
Grand Falls,Morocco,Africa,Beach,137.79,Winter,4.8
Lush Canyon,South Africa,Africa,Beach,202.35,Summer,4.7
Golden Ruins,Italy,Europe,Beach,135.12,Spring,4.9
Grand Valley,Peru,South America,Beach,156.02,Winter,4.2
Grand Forest,Argentina,South America,City,95.19,Winter,4.1
Ancient Forest,Peru,South America,Adventure,105.74,Winter,5
Ancient Falls,Japan,Asia,Beach,118.05,Summer,4.1
Hidden Beach,Egypt,Africa,Nature,158.48,Autumn,4.3
Hidden Forest,Morocco,Africa,Historical,115.59,Autumn,5
Grand Valley,China,Asia,Adventure,152.96,Winter,4.8
Ancient Canyon,Egypt,Africa,Historical,80.52,Winter,4
Hidden Falls,Germany,Europe,Adventure,266.43,Winter,4.7
Lush Falls,Greece,Europe,Beach,179.74,Summer,4.8
Grand Pagoda,Brazil,South America,Beach,137.37,Winter,4.6
Ancient Falls,New Zealand,Oceania,Nature,112.3,Autumn,4.4
Golden Canyon,New Zealand,Oceania,Beach,106.47,Spring,4.2
Sacred Temple,Thailand,Asia,Adventure,158.99,Summer,4.9
Mystic Ruins,South Africa,Africa,Nature,225.73,Winter,4.7
Ancient Ruins,Brazil,South America,Historical,100.88,Spring,4.4
Ancient Falls,Thailand,Asia,Historical,101.54,Autumn,4.7
Serene Pagoda,Brazil,South America,City,119.93,Autumn,4.6
Grand Falls,Greece,Europe,City,219.87,Spring,4.5
Grand Park,Egypt,Africa,Adventure,156.26,Spring,4.4
Serene Pagoda,Germany,Europe,Historical,210.31,Spring,4.6
Crystal Pagoda,Peru,South America,City,114.9,Autumn,4.3
Grand Falls,South Africa,Africa,City,207.47,Spring,4.4
Sacred Ruins,Greece,Europe,Nature,87.81,Winter,4.3
Lush Temple,Kenya,Africa,Nature,190.15,Summer,4.3
Grand Pagoda,India,Asia,Historical,116.33,Summer,4.6
Mystic Plaza,Germany,Europe,Religious,261.13,Spring,4.1
Lush Park,China,Asia,Beach,181.69,Autumn,4.6
Hidden Forest,China,Asia,Nature,211.23,Autumn,5
Serene Falls,Egypt,Africa,Religious,122.13,Summer,4.1
Grand Falls,USA,North America,Religious,165.72,Summer,4.5
Serene Forest,Thailand,Asia,Beach,109.82,Summer,5
Grand Pagoda,Australia,Oceania,Nature,198.82,Winter,4.8
Golden Pagoda,Kenya,Africa,Nature,178.45,Winter,5
Ancient Valley,Greece,Europe,Historical,94.96,Autumn,4.3
Serene Forest,Germany,Europe,Historical,151.7,Spring,4.3
Lush Falls,Vietnam,Asia,Historical,118.91,Autumn,4.7
Ancient Beach,Spain,Europe,Historical,166.54,Summer,4.8
Mystic Temple,Peru,South America,Religious,91.37,Summer,4.1
Grand Pagoda,Australia,Oceania,City,233.63,Winter,4.6
Grand Plaza,Mexico,North America,Adventure,154.82,Winter,4.3
Grand Plaza,France,Europe,Religious,176.94,Winter,4.2
Ancient Park,France,Europe,Religious,104.25,Winter,4.5
Serene Pagoda,Greece,Europe,Nature,113.22,Winter,4.9
Hidden Park,Greece,Europe,Historical,123.3,Autumn,4.1
Hidden Falls,China,Asia,Nature,210.65,Autumn,4.5
Crystal Park,India,Asia,Nature,112.54,Winter,4.6
Serene Canyon,South Africa,Africa,Beach,156.68,Winter,4.5
Sacred Plaza,Greece,Europe,City,96.47,Spring,4.2
Grand Ruins,Thailand,Asia,Nature,58.19,Winter,4.7
Lush Canyon,Vietnam,Asia,Religious,257.79,Winter,4.2
Golden Falls,Germany,Europe,City,149.7,Spring,4.8
Grand Forest,France,Europe,Adventure,130.76,Winter,4.6
Lush Plaza,Australia,Oceania,Religious,154.09,Autumn,4.5
Golden Temple,India,Asia,Adventure,178.42,Winter,4.7
Crystal Ruins,Argentina,South America,Beach,141.25,Spring,4.3
Ancient Park,India,Asia,Nature,98.17,Autumn,4.9
Golden Pagoda,Greece,Europe,Historical,204.29,Spring,4.6
Serene Canyon,New Zealand,Oceania,City,273.24,Autumn,4.4
Ancient Pagoda,Italy,Europe,Adventure,150.52,Spring,4.1
Hidden Park,Greece,Europe,City,131.41,Winter,4.2
Serene Temple,Morocco,Africa,Adventure,152.83,Winter,4.7
Sacred Ruins,Italy,Europe,Nature,59.88,Spring,4.3
Crystal Forest,Peru,South America,Religious,103.03,Spring,4.5
Grand Beach,Kenya,Africa,Beach,177.01,Winter,4.1
Mystic Temple,Brazil,South America,Religious,139.33,Winter,4.9
Grand Pagoda,Germany,Europe,Religious,121.82,Spring,4.4
Grand Pagoda,Germany,Europe,Nature,119.33,Spring,4.4
Crystal Falls,Spain,Europe,Religious,150.78,Summer,4.3
Ancient Pagoda,India,Asia,Adventure,171.85,Spring,4.9
Sacred Plaza,Morocco,Africa,Religious,174.98,Spring,5
Hidden Canyon,Canada,North America,Adventure,81.66,Winter,4.4
Lush Falls,Peru,South America,Nature,210.39,Winter,4.4
Lush Beach,Kenya,Africa,Beach,121.17,Summer,3.7
Grand Temple,Greece,Europe,City,193.16,Autumn,4.3
Crystal Valley,Germany,Europe,Religious,76.05,Spring,4.6
Mystic Beach,Morocco,Africa,Historical,100.29,Spring,4.5
Serene Plaza,China,Asia,Religious,209.83,Spring,4.5
Lush Valley,Morocco,Africa,Beach,90.35,Summer,4.5
Lush Beach,Germany,Europe,Nature,141.35,Winter,5
Grand Ruins,France,Europe,Religious,106.26,Spring,3.8
Ancient Valley,Vietnam,Asia,Beach,116.55,Winter,4.8
Mystic Ruins,Peru,South America,Historical,70.04,Spring,4.4
Mystic Pagoda,Spain,Europe,Nature,257.87,Summer,4.3
Mystic Plaza,Japan,Asia,Religious,163.83,Winter,4.7
Ancient Valley,Egypt,Africa,Religious,151.6,Autumn,4.3
Grand Falls,Germany,Europe,Beach,154.43,Autumn,5
Serene Forest,Germany,Europe,City,131.73,Spring,4.6
Golden Canyon,Egypt,Africa,Nature,109.88,Spring,4.9
Crystal Beach,Canada,North America,Nature,210.02,Winter,4.3
Lush Park,Mexico,North America,Adventure,127.43,Autumn,4.4
Hidden Ruins,Spain,Europe,Nature,209.29,Summer,4.7
Mystic Pagoda,China,Asia,Nature,180.36,Autumn,4.9
Serene Beach,Spain,Europe,Beach,133.87,Summer,4.4
Sacred Plaza,Italy,Europe,Adventure,182.08,Spring,4.9
Sacred Forest,Thailand,Asia,Religious,117.82,Autumn,4.8
Ancient Forest,Egypt,Africa,City,222.78,Spring,5
Ancient Canyon,Canada,North America,City,176.91,Spring,4.8
Ancient Plaza,Thailand,Asia,Religious,177.84,Winter,4.4
Mystic Valley,Greece,Europe,Adventure,97.76,Summer,3.9
Mystic Pagoda,France,Europe,Religious,178.97,Winter,4.5
Mystic Canyon,Japan,Asia,Nature,138.94,Spring,4.4
Crystal Forest,Greece,Europe,Beach,82.97,Spring,4.8
Sacred Falls,Spain,Europe,Historical,141.64,Summer,4.6
Crystal Valley,Italy,Europe,Adventure,210.69,Winter,4.5
Sacred Beach,South Africa,Africa,Religious,183.14,Summer,4.9
Hidden Plaza,Italy,Europe,Beach,166.31,Winter,4.5
Grand Temple,Germany,Europe,City,169.98,Summer,4.3
Hidden Canyon,Peru,South America,City,151.52,Autumn,4.1
Golden Ruins,Spain,Europe,Nature,165.44,Spring,5
Ancient Pagoda,Mexico,North America,Nature,55.04,Summer,4.5
Lush Beach,Argentina,South America,Historical,187.67,Spring,4.6
Crystal Park,Japan,Asia,City,118.88,Spring,4.6
Lush Temple,Mexico,North America,Adventure,139.55,Spring,4.2
Grand Beach,New Zealand,Oceania,City,163.03,Winter,4.1
Golden Falls,Mexico,North America,Nature,90.21,Spring,4.6
Crystal Valley,France,Europe,Religious,163.9,Autumn,4.9
Golden Ruins,Canada,North America,Nature,110.76,Winter,4.7
Sacred Plaza,Brazil,South America,Beach,77.51,Summer,4.2
Sacred Ruins,Japan,Asia,Adventure,186.12,Summer,4.4
Golden Plaza,Morocco,Africa,Adventure,109.14,Summer,3.9
Hidden Plaza,Kenya,Africa,City,161.23,Winter,4.8
Ancient Temple,Peru,South America,Historical,234.05,Autumn,4.3
Mystic Pagoda,Germany,Europe,Nature,73.72,Summer,4.9
Hidden Temple,India,Asia,Historical,159.06,Autumn,4.2
Ancient Valley,India,Asia,Historical,121.79,Autumn,4.6
Golden Temple,USA,North America,Religious,243.07,Spring,5
Hidden Plaza,Peru,South America,City,201.2,Summer,4.7
Mystic Beach,Australia,Oceania,Beach,149.65,Spring,4.9
Ancient Ruins,China,Asia,Adventure,141.49,Winter,4.4
Serene Ruins,Greece,Europe,Beach,197.39,Summer,4.7
Ancient Park,Canada,North America,Adventure,92.92,Spring,4.4
Ancient Temple,South Africa,Africa,Historical,107.84,Summer,4.5
Hidden Valley,Morocco,Africa,Adventure,225.67,Winter,4.7
Grand Plaza,Italy,Europe,Adventure,159.49,Summer,4.7
Mystic Falls,Vietnam,Asia,Beach,211.05,Autumn,4.7
Mystic Beach,Canada,North America,City,207.37,Spring,4.4
Lush Plaza,Egypt,Africa,Nature,244.23,Winter,5
Grand Ruins,New Zealand,Oceania,Adventure,79.46,Summer,4.1
Sacred Beach,Thailand,Asia,City,157.04,Winter,4
Lush Falls,China,Asia,Religious,201.65,Spring,4.4
Mystic Beach,South Africa,Africa,Nature,175.68,Spring,4.3
Crystal Beach,Peru,South America,Nature,94.43,Winter,4.5
Serene Ruins,Vietnam,Asia,Nature,148.62,Spring,5
Golden Temple,Greece,Europe,City,195.01,Winter,4.7
Mystic Ruins,South Africa,Africa,Adventure,100.08,Spring,4.6
Hidden Park,Mexico,North America,Nature,167.67,Spring,4.5
Mystic Park,France,Europe,Religious,144.99,Spring,4.4
Golden Valley,Canada,North America,Adventure,167.75,Spring,4.4
Lush Beach,Italy,Europe,City,195.68,Winter,4.3
Hidden Ruins,Peru,South America,Nature,123.7,Winter,4.5
Mystic Valley,Peru,South America,Beach,30,Summer,4.8
Grand Park,Australia,Oceania,Historical,162.35,Summer,4.5
Mystic Plaza,Greece,Europe,Historical,71.87,Spring,4.3
Sacred Park,Morocco,Africa,Adventure,94.48,Spring,4.7
Crystal Ruins,Japan,Asia,City,173.32,Winter,4.5
Grand Park,USA,North America,Religious,109.58,Summer,4.4
Serene Park,Italy,Europe,City,113.27,Spring,4.3
Ancient Temple,Greece,Europe,Adventure,200.88,Winter,5
Ancient Falls,Japan,Asia,Historical,171.44,Winter,4.7
Ancient Falls,India,Asia,Beach,168.97,Spring,5
Lush Plaza,Brazil,South America,Beach,96.39,Summer,3.6
Hidden Forest,USA,North America,Adventure,127.58,Autumn,5
Serene Ruins,China,Asia,Beach,180.96,Autumn,5
Hidden Canyon,India,Asia,Beach,219.86,Summer,4.5
Grand Ruins,Greece,Europe,Beach,117.7,Spring,4.3
Lush Beach,Spain,Europe,Nature,208.1,Summer,4.3
Grand Ruins,Thailand,Asia,Religious,166.15,Winter,4.4
Serene Plaza,Italy,Europe,Beach,131.98,Spring,4.7
Crystal Temple,New Zealand,Oceania,Religious,194.16,Spring,4.5
Lush Ruins,Greece,Europe,Beach,101.33,Autumn,4.5
Crystal Park,Italy,Europe,Historical,128.68,Summer,4.8
Mystic Canyon,Vietnam,Asia,City,58.46,Summer,4.6
Grand Pagoda,Spain,Europe,Adventure,243.66,Summer,4.8
Sacred Plaza,Vietnam,Asia,Religious,188.27,Spring,4.4
Lush Beach,USA,North America,Historical,174.24,Autumn,4.2
Crystal Park,Brazil,South America,Adventure,191.69,Autumn,4.4
Hidden Forest,Italy,Europe,City,133.26,Summer,4.4
Grand Forest,Thailand,Asia,Nature,164.9,Winter,4.7
Serene Pagoda,Thailand,Asia,Nature,253.13,Autumn,4.2
Golden Forest,Argentina,South America,Beach,159.58,Autumn,4.6
Lush Ruins,South Africa,Africa,Nature,146.02,Winter,4.6
Grand Valley,USA,North America,City,207.44,Winter,4.9
Mystic Park,Kenya,Africa,Adventure,140.64,Winter,4.8
Sacred Plaza,Brazil,South America,Historical,151.64,Summer,4.4
Golden Park,New Zealand,Oceania,Historical,178.98,Spring,4.6
Mystic Ruins,South Africa,Africa,Nature,109.73,Autumn,4.7
Ancient Canyon,South Africa,Africa,Nature,158.42,Summer,4.9
Lush Park,New Zealand,Oceania,Historical,134.82,Autumn,3.9
Grand Ruins,Egypt,Africa,Adventure,43.91,Summer,4.3
Hidden Temple,Egypt,Africa,Nature,125.08,Autumn,4.8
Hidden Beach,Italy,Europe,Religious,192.03,Autumn,4.7
Lush Valley,Peru,South America,Historical,121.74,Spring,4.4
Lush Falls,Mexico,North America,City,230.77,Spring,4.4
Ancient Temple,Brazil,South America,Religious,74.08,Autumn,4.9
Sacred Falls,India,Asia,City,170.19,Autumn,4.5
Sacred Plaza,Italy,Europe,Nature,168.62,Winter,4.3
Serene Beach,Germany,Europe,Nature,126.77,Summer,4.6
Hidden Temple,Mexico,North America,Beach,129.9,Autumn,4.7
Ancient Beach,Brazil,South America,Historical,193.56,Autumn,4.1
Mystic Pagoda,Mexico,North America,Historical,53.19,Autumn,4.5
Crystal Valley,South Africa,Africa,Nature,175.7,Spring,4.6
Serene Temple,Argentina,South America,Beach,186.18,Autumn,4.7
Grand Forest,Morocco,Africa,City,170.49,Winter,4.4
Mystic Ruins,France,Europe,Religious,101.68,Summer,4.5
Crystal Canyon,Egypt,Africa,Beach,205.35,Winter,4.5
Serene Pagoda,Thailand,Asia,Adventure,162.65,Spring,4.5
Golden Forest,Argentina,South America,Religious,123.23,Autumn,4.5
Ancient Pagoda,Kenya,Africa,Historical,138.91,Spring,4.6
Crystal Canyon,Spain,Europe,Historical,175.66,Spring,4.4
Sacred Temple,Morocco,Africa,Religious,194.43,Spring,4.3
Mystic Beach,Italy,Europe,Nature,168.36,Autumn,5
Grand Plaza,Morocco,Africa,Adventure,55.74,Spring,4.4
Serene Falls,China,Asia,Religious,97.32,Summer,4.2
Hidden Forest,Mexico,North America,Religious,171.42,Autumn,4.8
Lush Ruins,Argentina,South America,City,144.78,Winter,4.4
Hidden Valley,Brazil,South America,Religious,154.16,Winter,4.4
Crystal Plaza,Mexico,North America,Historical,153.5,Winter,4.8
Lush Valley,Peru,South America,Historical,167.38,Spring,4.8
Serene Forest,Vietnam,Asia,Beach,198.76,Summer,4.7
Grand Beach,Greece,Europe,Religious,182.66,Autumn,5
Lush Ruins,Germany,Europe,City,117.3,Winter,4
Lush Falls,Peru,South America,Religious,194.29,Winter,4.6
Golden Pagoda,Morocco,Africa,City,230.61,Spring,4.9
Mystic Pagoda,Brazil,South America,City,99.28,Winter,4.7
Grand Plaza,Spain,Europe,City,137.7,Autumn,4.2
Serene Falls,Vietnam,Asia,Adventure,171.21,Summer,4.5
Golden Temple,France,Europe,Historical,152.18,Winter,5
Ancient Plaza,Mexico,North America,Religious,144.72,Spring,4.4
Golden Canyon,Australia,Oceania,Nature,119.41,Spring,4.5
Mystic Falls,Argentina,South America,Adventure,138.99,Spring,3.9
Grand Beach,Vietnam,Asia,Historical,74.76,Winter,4.7
Golden Park,Mexico,North America,City,139.75,Winter,4.5
Golden Plaza,Australia,Oceania,City,134.54,Summer,4.3
Golden Valley,Morocco,Africa,Historical,174.01,Summer,5
Grand Pagoda,Morocco,Africa,Beach,141.99,Summer,4.7
Mystic Temple,China,Asia,Beach,105.69,Spring,4.6
Ancient Forest,Kenya,Africa,Religious,203.8,Summer,4.5
Ancient Forest,Brazil,South America,Nature,130.04,Winter,4.3
Ancient Pagoda,Egypt,Africa,Beach,59.84,Spring,4
Sacred Temple,Canada,North America,Nature,188.6,Winter,5
Golden Forest,Japan,Asia,Religious,125.85,Autumn,4.5
Golden Beach,Vietnam,Asia,City,157.24,Autumn,4.3
Lush Ruins,Kenya,Africa,Beach,136.57,Summer,4.2
Ancient Canyon,Spain,Europe,Nature,105.59,Summer,4.4
Crystal Canyon,Morocco,Africa,City,143.44,Autumn,4.5
Golden Canyon,India,Asia,Beach,175.6,Summer,4.4
Ancient Valley,Japan,Asia,Religious,95.48,Spring,4.9
Mystic Falls,Italy,Europe,Beach,160.34,Winter,4.7
Ancient Falls,Japan,Asia,Adventure,119.38,Spring,4.6
Lush Canyon,Peru,South America,City,152.92,Summer,4.3
Mystic Valley,China,Asia,Religious,148.34,Autumn,4.4
Mystic Valley,Germany,Europe,Religious,283.91,Summer,4.4
Lush Ruins,Thailand,Asia,Nature,157.99,Autumn,4.2
Mystic Pagoda,Egypt,Africa,Adventure,192.77,Spring,4.9
Ancient Canyon,Vietnam,Asia,Beach,117.69,Autumn,5
Sacred Park,Morocco,Africa,Historical,102.81,Summer,4.2
Ancient Plaza,South Africa,Africa,City,219.62,Spring,4.4
Grand Ruins,Kenya,Africa,Religious,59.03,Winter,4.3
Mystic Forest,New Zealand,Oceania,Nature,215.22,Summer,4
Lush Falls,Vietnam,Asia,Adventure,100.66,Winter,4.9
Serene Forest,Mexico,North America,Historical,94.71,Spring,4.4
Ancient Pagoda,Morocco,Africa,Adventure,101.78,Autumn,4.4
Lush Pagoda,India,Asia,Nature,215.52,Autumn,4.9
Golden Valley,Peru,South America,Beach,142.47,Autumn,4.3
Golden Valley,China,Asia,Adventure,198.24,Summer,5
Sacred Temple,Egypt,Africa,Nature,244.57,Spring,4.4
Hidden Beach,Morocco,Africa,Religious,126.31,Autumn,4.5
Lush Falls,Mexico,North America,Adventure,144.89,Spring,4.6
Serene Beach,India,Asia,Beach,145.58,Summer,4.4
Hidden Valley,Peru,South America,Historical,59.81,Spring,4.4
Grand Valley,Italy,Europe,City,184.85,Autumn,4.4
Grand Temple,Brazil,South America,Nature,73.02,Winter,4.1
Grand Beach,India,Asia,City,90.3,Spring,4.5
Lush Pagoda,Morocco,Africa,Religious,228.64,Summer,4.6
Golden Forest,Kenya,Africa,Nature,59.95,Winter,4.3
Lush Forest,Italy,Europe,Nature,86.93,Autumn,4.2
Mystic Valley,USA,North America,Religious,51.04,Winter,4.7
Grand Plaza,China,Asia,Religious,141.41,Spring,4.2
Hidden Canyon,Egypt,Africa,Religious,30,Winter,4.4
Sacred Canyon,India,Asia,City,164.59,Winter,4.8
Crystal Falls,New Zealand,Oceania,Historical,88.52,Winter,4.6
Hidden Valley,Kenya,Africa,City,148.49,Winter,4.3
Grand Forest,Japan,Asia,Nature,162.69,Autumn,4.6
Golden Plaza,Argentina,South America,Adventure,131.91,Summer,4.6
Mystic Canyon,Germany,Europe,Beach,181.08,Summer,4.4
Crystal Temple,Kenya,Africa,Historical,143.77,Winter,4.1
Ancient Park,New Zealand,Oceania,Beach,206.3,Spring,4.5
Sacred Plaza,Kenya,Africa,Religious,77.6,Winter,4.2
Golden Plaza,Mexico,North America,Nature,120.22,Spring,4.9
Golden Beach,China,Asia,Adventure,285.8,Spring,4.4
Hidden Park,Brazil,South America,City,147.26,Autumn,4.6
Serene Canyon,New Zealand,Oceania,Religious,170.73,Winter,4.9
Mystic Forest,India,Asia,City,140.13,Summer,4.5
Sacred Canyon,Greece,Europe,Adventure,208.29,Summer,4.4
Lush Ruins,Germany,Europe,City,179.68,Spring,3.6
Crystal Pagoda,Italy,Europe,City,247.85,Spring,4.4
Hidden Forest,South Africa,Africa,Nature,111.36,Spring,4.6
Mystic Plaza,Mexico,North America,City,207.27,Summer,4.3
Serene Temple,New Zealand,Oceania,Nature,197.66,Autumn,4.7
Serene Park,Kenya,Africa,Historical,175.75,Spring,4.7
Hidden Pagoda,Australia,Oceania,Adventure,190.02,Summer,4.7
Hidden Plaza,Mexico,North America,Religious,179.23,Winter,4.6
Crystal Beach,Greece,Europe,Adventure,148.67,Spring,4.2
Crystal Temple,Australia,Oceania,Historical,67.99,Autumn,4
Mystic Forest,Peru,South America,Nature,110.38,Summer,4.4
Serene Plaza,New Zealand,Oceania,Beach,151.51,Summer,4.7
Ancient Ruins,Greece,Europe,City,150.06,Autumn,4.3
Ancient Beach,France,Europe,Adventure,141.04,Spring,4.5
Serene Canyon,USA,North America,Historical,69.62,Summer,4.3
Grand Falls,Thailand,Asia,Adventure,193.65,Autumn,4.3
Ancient Park,France,Europe,Adventure,191.47,Summer,4.4
Sacred Valley,Italy,Europe,Religious,72.96,Summer,4.5
Crystal Pagoda,Argentina,South America,Religious,153,Spring,4.6
Sacred Temple,China,Asia,Adventure,107.27,Summer,4.6
Sacred Canyon,Germany,Europe,Religious,30,Autumn,4.6
Hidden Beach,Morocco,Africa,City,117.55,Spring,4.6
Golden Park,New Zealand,Oceania,Nature,190.36,Winter,4.2
Hidden Temple,Egypt,Africa,Adventure,161.83,Summer,4.9
Serene Park,Thailand,Asia,Religious,169.62,Winter,4.3
Golden Forest,Brazil,South America,City,58.33,Summer,4.5
Ancient Canyon,India,Asia,Religious,123.8,Summer,4.5
Hidden Ruins,Greece,Europe,City,118.69,Autumn,4.5
Ancient Temple,Kenya,Africa,Religious,133.61,Winter,4.5
Crystal Park,Peru,South America,Adventure,107.08,Autumn,4.8
Grand Ruins,Germany,Europe,Nature,82.71,Spring,4.3
Grand Canyon,France,Europe,Historical,201.37,Winter,4.3
Lush Pagoda,Japan,Asia,City,192.54,Spring,4.5
Mystic Park,Japan,Asia,Historical,146.72,Autumn,5
Serene Canyon,Spain,Europe,Historical,221.14,Winter,4.8
Sacred Beach,Morocco,Africa,Beach,176.11,Summer,4.3
Serene Beach,South Africa,Africa,Nature,154.43,Autumn,4.6
Mystic Falls,New Zealand,Oceania,Historical,160.17,Autumn,4.4
Sacred Forest,China,Asia,City,143.03,Spring,4.4
Serene Park,Spain,Europe,Adventure,30,Spring,4.5
Mystic Park,Kenya,Africa,City,122.47,Winter,4.1
Lush Falls,South Africa,Africa,Religious,211.76,Winter,4.4
Crystal Falls,Italy,Europe,City,181.11,Autumn,4.2
Hidden Plaza,Mexico,North America,Beach,136.35,Winter,4.6
Hidden Valley,Vietnam,Asia,Adventure,72.31,Summer,4.7
Crystal Park,Australia,Oceania,Religious,213.73,Spring,4.7
Grand Falls,New Zealand,Oceania,Nature,90.53,Winter,5
Grand Temple,South Africa,Africa,Religious,159.61,Summer,4.5
Hidden Pagoda,Australia,Oceania,Adventure,122.79,Spring,4.5
Mystic Pagoda,Vietnam,Asia,Nature,62.81,Summer,4.5
Crystal Temple,USA,North America,City,138.57,Summer,4.2
Ancient Temple,Germany,Europe,City,188.95,Winter,3.8
Lush Pagoda,Thailand,Asia,Historical,149.04,Summer,4.4
Grand Beach,Canada,North America,Nature,250.9,Winter,4.6
Mystic Ruins,Mexico,North America,Beach,185.77,Winter,4.7
Mystic Beach,Morocco,Africa,Nature,138.12,Summer,4.6
Grand Park,USA,North America,Historical,155.09,Winter,5
Crystal Valley,South Africa,Africa,Religious,199.43,Summer,4.1
Mystic Temple,Canada,North America,Adventure,158.67,Autumn,4.6
Mystic Park,Thailand,Asia,Nature,36.33,Winter,4.2
Hidden Pagoda,Kenya,Africa,Nature,144.84,Spring,4
Grand Ruins,Egypt,Africa,Nature,115.25,Summer,4.5
Sacred Plaza,Greece,Europe,Beach,151.04,Winter,4.6
Golden Forest,Germany,Europe,Nature,139.71,Summer,4.3
Mystic Park,Australia,Oceania,Beach,131.24,Summer,4.4
Hidden Beach,New Zealand,Oceania,Beach,169.66,Autumn,4.9
Lush Plaza,Australia,Oceania,Adventure,174.91,Winter,4.8
Crystal Pagoda,Japan,Asia,Nature,91.5,Summer,4.8
Sacred Plaza,Mexico,North America,Beach,138.3,Spring,4.6
Golden Park,Brazil,South America,City,166.5,Summer,4.7
Serene Falls,Australia,Oceania,Beach,108.24,Summer,5
Crystal Canyon,Thailand,Asia,Historical,151.89,Summer,4.7
Grand Temple,New Zealand,Oceania,Adventure,251.18,Spring,4.5
Sacred Forest,Thailand,Asia,Nature,192.08,Autumn,4.3
Grand Ruins,Vietnam,Asia,Historical,39.41,Spring,5
Mystic Valley,Kenya,Africa,Beach,139.96,Winter,4.1
Sacred Park,Canada,North America,Nature,128.54,Autumn,4.7
Golden Valley,Kenya,Africa,Religious,152.4,Summer,4.6
Crystal Temple,Germany,Europe,Adventure,251.22,Autumn,4.1
Grand Park,Japan,Asia,Beach,158.14,Summer,4.5
Golden Ruins,Morocco,Africa,Nature,171.29,Spring,4.5
Sacred Canyon,Morocco,Africa,Adventure,145.76,Autumn,4.1
Golden Falls,Canada,North America,Beach,185.99,Winter,4.1
Ancient Canyon,Mexico,North America,Religious,161.61,Summer,4.1
Serene Forest,China,Asia,Historical,134.35,Autumn,4.5
Sacred Canyon,France,Europe,Religious,180.92,Summer,4.4
Crystal Temple,New Zealand,Oceania,Nature,87.48,Spring,4.7
Golden Canyon,Egypt,Africa,City,173.48,Autumn,4.7
Sacred Canyon,USA,North America,Adventure,128.16,Summer,4.5
Crystal Pagoda,Peru,South America,Beach,110.19,Spring,4.6
Hidden Pagoda,China,Asia,Nature,187.21,Autumn,4.4
Crystal Valley,Kenya,Africa,Adventure,82.79,Summer,4
Serene Falls,China,Asia,Religious,56.67,Winter,4.8
Crystal Temple,Thailand,Asia,Historical,170.32,Summer,4
Hidden Valley,Argentina,South America,Beach,89.44,Autumn,4.7
Serene Park,New Zealand,Oceania,City,73.69,Autumn,4.5
Serene Temple,Brazil,South America,City,129.65,Winter,4.7
Serene Park,Mexico,North America,Historical,72.99,Winter,5
Ancient Pagoda,Japan,Asia,City,230.86,Summer,4.5
Hidden Park,Egypt,Africa,Beach,188.96,Summer,4.4
Sacred Canyon,Peru,South America,Adventure,140.54,Spring,4.8
Grand Pagoda,China,Asia,City,131.96,Winter,3.5
Mystic Pagoda,New Zealand,Oceania,Beach,87.38,Spring,4.6
Golden Beach,Greece,Europe,Religious,131.69,Autumn,4.6
Hidden Falls,Kenya,Africa,City,30,Autumn,4.6
Serene Canyon,Egypt,Africa,Historical,126.07,Winter,4.8
Lush Plaza,Vietnam,Asia,Nature,184.01,Spring,4.9
Grand Canyon,Canada,North America,Adventure,155.47,Spring,4.8
Serene Valley,India,Asia,City,124.79,Winter,4.5
Serene Ruins,Brazil,South America,City,184.51,Autumn,3.7
Lush Ruins,Germany,Europe,Adventure,95.64,Summer,4.2
Crystal Canyon,Morocco,Africa,Nature,210.87,Spring,4.7
Mystic Beach,New Zealand,Oceania,Nature,63.71,Summer,4.3
Ancient Pagoda,Canada,North America,Historical,193.18,Autumn,4.7
Sacred Canyon,Peru,South America,Historical,189.17,Spring,4.4
Serene Park,Japan,Asia,Beach,222.99,Autumn,4
Crystal Falls,South Africa,Africa,Religious,154.27,Winter,4.3
Lush Valley,Peru,South America,Religious,174.02,Autumn,4.3
Mystic Ruins,China,Asia,Nature,182.52,Spring,4
Grand Valley,Morocco,Africa,Historical,198.52,Autumn,4.7
Hidden Canyon,Spain,Europe,City,249.78,Spring,5
Lush Falls,Brazil,South America,Nature,204.1,Autumn,4.8
Mystic Beach,South Africa,Africa,Nature,161.5,Autumn,4.6
Ancient Temple,Germany,Europe,Religious,128.87,Winter,4.7
Lush Forest,USA,North America,Adventure,122.08,Summer,4.2
Ancient Valley,Italy,Europe,Beach,202.91,Autumn,4.8
Grand Canyon,Brazil,South America,Nature,149.72,Winter,4.7
Mystic Ruins,Mexico,North America,City,172.71,Spring,4.3
Hidden Falls,Australia,Oceania,City,135.3,Summer,4.5
Mystic Forest,Vietnam,Asia,Adventure,146.99,Spring,4.6
Grand Forest,USA,North America,Nature,194.52,Autumn,4.7
Lush Forest,Morocco,Africa,Religious,240.96,Spring,4.5
Grand Canyon,Mexico,North America,Beach,174.6,Autumn,4.3
Mystic Falls,Germany,Europe,Historical,100.18,Summer,4.4
Lush Pagoda,Argentina,South America,Adventure,126.06,Summer,4.2
Serene Beach,Argentina,South America,Beach,168.83,Autumn,4.7
Sacred Plaza,New Zealand,Oceania,Historical,184.18,Winter,4.1
Grand Plaza,China,Asia,City,153.49,Winter,4.3
Serene Forest,Mexico,North America,Historical,98.53,Summer,4.1
Sacred Canyon,Egypt,Africa,Religious,210.89,Spring,4.2
Crystal Valley,Thailand,Asia,City,123.21,Summer,4
Lush Temple,Morocco,Africa,Adventure,128.39,Autumn,4.5
Sacred Beach,Peru,South America,Beach,158,Winter,4.7
Lush Beach,USA,North America,Beach,90.73,Spring,4.7
Serene Falls,Mexico,North America,Beach,129.33,Winter,4.6
Lush Beach,Thailand,Asia,Historical,124.65,Autumn,4
Grand Valley,Peru,South America,Beach,151.64,Winter,4.3
Crystal Plaza,New Zealand,Oceania,Adventure,225.68,Winter,4.3
Lush Temple,France,Europe,Beach,57.69,Winter,4.2
Ancient Forest,Italy,Europe,City,108.57,Autumn,4.3
Crystal Falls,Kenya,Africa,City,103.91,Autumn,4.2
Sacred Forest,USA,North America,Religious,154.38,Summer,4.6
Serene Falls,Greece,Europe,Historical,122.67,Autumn,4.4
Serene Plaza,Italy,Europe,Religious,224.93,Winter,4.9
Ancient Plaza,Peru,South America,Beach,190.57,Winter,4.2
Lush Park,Mexico,North America,Beach,71.25,Summer,4.8
Lush Valley,Germany,Europe,Historical,200.88,Summer,4.6
Golden Beach,Kenya,Africa,Nature,139.25,Spring,4.6
Ancient Ruins,Japan,Asia,Religious,202.37,Winter,4.9
Hidden Pagoda,Vietnam,Asia,City,152.19,Spring,4.4
Mystic Canyon,Canada,North America,Beach,178.6,Autumn,4.5
Sacred Pagoda,Italy,Europe,Adventure,130.73,Autumn,4.6
Hidden Pagoda,Canada,North America,Nature,148.82,Winter,4.4
Mystic Pagoda,Brazil,South America,Nature,165.83,Winter,4.6
Sacred Plaza,Argentina,South America,Historical,128.16,Spring,4
Serene Falls,USA,North America,Beach,150.79,Spring,4.5
Lush Forest,Spain,Europe,Religious,85.39,Autumn,4.7
Hidden Valley,Germany,Europe,Nature,167.96,Spring,4.7
Mystic Ruins,Greece,Europe,Nature,110.81,Summer,4.3
Ancient Beach,Italy,Europe,City,235.25,Summer,4.4
Sacred Park,South Africa,Africa,Religious,121,Autumn,4.6
Ancient Beach,South Africa,Africa,Historical,170.39,Summer,4.6
Ancient Pagoda,Canada,North America,Religious,153.8,Autumn,4.7
Grand Falls,Morocco,Africa,Beach,220.85,Spring,4.7
Ancient Canyon,Italy,Europe,Nature,111.84,Spring,4.5
Serene Forest,Spain,Europe,City,157.69,Summer,4.7
Serene Park,China,Asia,City,110.7,Winter,4.1
Hidden Pagoda,Morocco,Africa,City,205.35,Autumn,4.7
Mystic Forest,Kenya,Africa,Adventure,83.07,Summer,4.7
Sacred Park,China,Asia,Nature,69.23,Spring,3.9
Hidden Falls,India,Asia,Historical,122.52,Spring,4.8
Hidden Park,Thailand,Asia,Religious,115.48,Autumn,4.5
Sacred Canyon,Mexico,North America,Nature,125.34,Winter,4.9
Golden Beach,Japan,Asia,Adventure,115.04,Autumn,4.4
Crystal Beach,Argentina,South America,Nature,189.52,Summer,4.6
Golden Canyon,Argentina,South America,City,115.28,Winter,4.6
Lush Falls,New Zealand,Oceania,Nature,95.74,Winter,4.3
Serene Temple,Germany,Europe,City,42.76,Spring,4.7
Serene Valley,Brazil,South America,Historical,174.09,Summer,4.7
Ancient Park,Peru,South America,Adventure,92.72,Winter,4.1
Grand Valley,Morocco,Africa,Historical,138.51,Summer,4.2
Grand Plaza,Italy,Europe,Historical,79.97,Spring,4.5
Grand Beach,Greece,Europe,City,196.09,Summer,4.6
Mystic Falls,Argentina,South America,Nature,130.53,Summer,5
Grand Pagoda,Australia,Oceania,Religious,173.68,Winter,4.2
Crystal Plaza,Egypt,Africa,Nature,98.15,Summer,4.7
Golden Forest,Germany,Europe,City,198.79,Spring,4.8
Grand Ruins,China,Asia,Historical,135.95,Summer,4.6
Serene Forest,Germany,Europe,Adventure,139.15,Winter,4.4
Crystal Plaza,Egypt,Africa,Religious,79.12,Winter,4.7
Grand Plaza,Peru,South America,Religious,81.12,Summer,4.3
Golden Canyon,Japan,Asia,Historical,155.63,Winter,4.6
Lush Beach,USA,North America,Historical,70.7,Autumn,3.9
Ancient Valley,Mexico,North America,City,204.3,Spring,4.8
Crystal Beach,Italy,Europe,City,30,Winter,4.5
Lush Beach,Peru,South America,Religious,177.44,Summer,5
Sacred Canyon,Peru,South America,City,103.73,Winter,4.6
Golden Plaza,New Zealand,Oceania,Adventure,171.67,Winter,4.3
Golden Canyon,South Africa,Africa,Religious,192.92,Summer,4.4
Golden Valley,Canada,North America,Religious,30,Spring,4.6
Hidden Valley,China,Asia,Religious,281.04,Spring,4.2
Grand Forest,France,Europe,Historical,95.18,Autumn,4.8
Sacred Valley,Greece,Europe,Historical,164.03,Autumn,5
Golden Beach,USA,North America,City,168.07,Autumn,4.6
Grand Ruins,Mexico,North America,Nature,204.82,Spring,4.3
Crystal Temple,France,Europe,Historical,166.69,Spring,4.4
Grand Beach,Australia,Oceania,Historical,110,Summer,4.5
Grand Ruins,New Zealand,Oceania,Historical,136.21,Winter,4.8
Serene Plaza,Spain,Europe,Religious,119.66,Autumn,4.6
Crystal Park,Mexico,North America,Nature,135.26,Winter,4.9
Mystic Park,Peru,South America,Adventure,56.17,Winter,4.7
Crystal Forest,New Zealand,Oceania,Religious,87.29,Winter,4.1
Mystic Falls,Germany,Europe,Adventure,119.76,Winter,3.8
Mystic Beach,Spain,Europe,Nature,214.47,Summer,4.8
Crystal Ruins,Peru,South America,Adventure,182.58,Autumn,4.2
Crystal Park,Canada,North America,Beach,163.43,Winter,5
Serene Beach,South Africa,Africa,Nature,172.86,Winter,4.9
Lush Falls,Japan,Asia,Beach,187.56,Autumn,4.7
Mystic Temple,USA,North America,Adventure,170.49,Autumn,4.2
Golden Canyon,Mexico,North America,Beach,113.97,Autumn,4.7
Ancient Ruins,Thailand,Asia,City,164.83,Winter,4.6
Lush Temple,India,Asia,Nature,177.07,Autumn,4.9
Grand Falls,Thailand,Asia,Adventure,159.53,Summer,4.8
Lush Pagoda,China,Asia,Nature,145.38,Summer,4.1
Golden Forest,Italy,Europe,City,107.62,Autumn,4.3
Lush Plaza,China,Asia,Nature,112.1,Summer,4.3
Crystal Park,Argentina,South America,Historical,150.78,Autumn,4.8
Lush Valley,Italy,Europe,Religious,161.11,Winter,4.4
Sacred Ruins,Australia,Oceania,Beach,175.54,Winter,4.8
Mystic Pagoda,China,Asia,Adventure,196.33,Spring,4.2
Ancient Canyon,South Africa,Africa,Religious,158.59,Winter,4.7
Ancient Valley,Peru,South America,Religious,109.13,Winter,4.3
Ancient Forest,Greece,Europe,Religious,173.16,Autumn,4.1
Grand Beach,China,Asia,Religious,202.23,Winter,4.7
Mystic Ruins,USA,North America,Historical,115.16,Winter,4.7
Lush Canyon,Italy,Europe,Adventure,102.53,Spring,4.9
Serene Beach,Morocco,Africa,City,167.48,Summer,4
Lush Forest,Egypt,Africa,Historical,88.23,Summer,4.8
Lush Pagoda,France,Europe,Nature,133.53,Autumn,4.7
Golden Temple,Thailand,Asia,Adventure,126.54,Summer,4.7
Mystic Beach,New Zealand,Oceania,Historical,187.84,Winter,4.7
Golden Park,Morocco,Africa,Historical,145.13,Summer,4.3
Golden Valley,Egypt,Africa,Historical,148.03,Spring,4.5
Sacred Ruins,Thailand,Asia,City,59.4,Winter,4.7
Ancient Canyon,India,Asia,Religious,181.1,Spring,4.9
Grand Forest,Peru,South America,Historical,203.57,Autumn,5
Crystal Falls,Spain,Europe,Historical,162.47,Autumn,4.8
Golden Valley,Australia,Oceania,Adventure,238.44,Winter,4.4
Crystal Plaza,South Africa,Africa,Religious,174.99,Summer,4.1
Hidden Ruins,Egypt,Africa,Historical,139.68,Spring,4.7
Lush Pagoda,Egypt,Africa,Nature,181.28,Autumn,4.8
Serene Beach,USA,North America,Nature,146.69,Winter,4.3
Ancient Temple,Greece,Europe,Beach,97.05,Autumn,4.9
Hidden Forest,Egypt,Africa,Adventure,150.07,Autumn,4.1
Crystal Canyon,Morocco,Africa,City,200.57,Summer,4.9
Hidden Beach,Spain,Europe,Historical,170.21,Spring,4.2
Golden Ruins,Greece,Europe,Religious,178.14,Spring,4.2
Lush Pagoda,Canada,North America,Historical,197.63,Spring,4.6
Lush Forest,Italy,Europe,Religious,227.71,Winter,4.8
Golden Forest,Peru,South America,Adventure,100.99,Autumn,5
Golden Temple,Argentina,South America,Nature,162.07,Spring,4.2
Hidden Valley,South Africa,Africa,Religious,157.56,Spring,4.7
Grand Forest,Germany,Europe,Historical,126.71,Summer,4.5
Ancient Canyon,USA,North America,Nature,109.63,Autumn,4.5
Ancient Pagoda,Peru,South America,Religious,93.47,Summer,4.7
Crystal Temple,Mexico,North America,Historical,141.68,Autumn,4.6
Golden Temple,Australia,Oceania,Historical,194.77,Winter,4.3
Sacred Ruins,Spain,Europe,Adventure,164.43,Summer,4.5
Sacred Canyon,Canada,North America,Historical,124.18,Autumn,4.4
Sacred Ruins,Peru,South America,City,167.15,Summer,4.6
Sacred Valley,Canada,North America,Religious,139.71,Summer,4.3
Ancient Falls,France,Europe,Historical,117.02,Summer,4.3
Crystal Beach,India,Asia,Beach,125.44,Summer,4.4
Serene Canyon,South Africa,Africa,Historical,64.89,Winter,4.4
Ancient Canyon,Brazil,South America,Nature,89.84,Spring,4.2
Sacred Forest,Germany,Europe,City,130.92,Spring,4.3
Crystal Ruins,Greece,Europe,City,127.19,Spring,4.6
Crystal Park,Argentina,South America,Nature,131.03,Winter,4.6
Golden Pagoda,Peru,South America,Nature,148.43,Autumn,4.2
Ancient Plaza,Kenya,Africa,Beach,217.6,Summer,4.6
Crystal Falls,China,Asia,City,159.19,Autumn,5
Lush Park,Canada,North America,Religious,78.68,Summer,4.7
Crystal Pagoda,Germany,Europe,Beach,145.97,Autumn,4.3
Crystal Falls,Vietnam,Asia,City,90.71,Winter,3.8
Hidden Pagoda,China,Asia,City,241.63,Spring,4.7
Hidden Pagoda,Vietnam,Asia,Beach,129.29,Summer,4.7
Mystic Forest,India,Asia,City,136.06,Spring,4.8
Ancient Canyon,Greece,Europe,Adventure,235.13,Summer,4.5
Serene Park,New Zealand,Oceania,Adventure,212.34,Autumn,4.5
Grand Valley,Mexico,North America,Nature,136.34,Winter,4.8
Grand Park,Peru,South America,City,228.14,Autumn,4.4
Ancient Park,Peru,South America,Nature,163.1,Winter,4.1
Ancient Pagoda,Vietnam,Asia,Beach,260.94,Autumn,4.5
Ancient Park,USA,North America,Historical,45.17,Autumn,4.8
Golden Valley,China,Asia,Historical,160.84,Autumn,4.2
Mystic Pagoda,Canada,North America,City,104.57,Summer,4.3
Lush Temple,New Zealand,Oceania,Historical,122.59,Autumn,4.8
Crystal Plaza,Canada,North America,Religious,153.37,Spring,4.6
Sacred Plaza,Japan,Asia,Beach,210.9,Summer,4.3
Sacred Beach,Germany,Europe,Historical,155.81,Summer,4.2
Crystal Beach,France,Europe,Religious,123.44,Spring,4.6
Grand Plaza,Mexico,North America,Adventure,115.88,Autumn,4.3
Lush Ruins,China,Asia,Adventure,108.07,Winter,4.2
Hidden Plaza,Canada,North America,Nature,164.81,Autumn,4.6
Ancient Beach,Germany,Europe,Historical,118.13,Winter,4.6
Mystic Valley,Germany,Europe,Religious,114.27,Autumn,4.4
Grand Park,Germany,Europe,Religious,103.17,Autumn,4.3
Lush Plaza,USA,North America,Adventure,146.52,Autumn,4.8
Golden Park,Japan,Asia,City,119.66,Winter,4.6
Crystal Plaza,Vietnam,Asia,Religious,246.96,Winter,4.1
Golden Park,New Zealand,Oceania,Nature,123.69,Spring,4.9
Lush Valley,Vietnam,Asia,Religious,120.03,Spring,4.2
Ancient Forest,Germany,Europe,Religious,188.41,Spring,4.6
Ancient Forest,Egypt,Africa,Beach,117.46,Winter,4.5
Sacred Beach,South Africa,Africa,Historical,45.79,Summer,5
Hidden Plaza,Vietnam,Asia,Adventure,72.34,Autumn,4.4
Crystal Park,Japan,Asia,Historical,121.51,Spring,4.6
Golden Canyon,Brazil,South America,Beach,109.27,Autumn,4.3
Mystic Forest,Egypt,Africa,Beach,127.5,Spring,4.9
Crystal Canyon,Spain,Europe,Historical,166.25,Spring,4.4
Mystic Pagoda,Brazil,South America,Beach,184.28,Summer,5
Serene Pagoda,Japan,Asia,City,118,Spring,4.5
Ancient Ruins,USA,North America,Nature,154.9,Summer,4.9
Grand Plaza,Egypt,Africa,City,114.86,Autumn,4.1
Mystic Temple,Mexico,North America,Religious,154.59,Autumn,4.6
Crystal Valley,South Africa,Africa,Religious,184.75,Spring,4.1
Crystal Pagoda,Italy,Europe,City,193.46,Autumn,4.4
Grand Pagoda,New Zealand,Oceania,City,166.57,Autumn,4.7
Lush Plaza,Brazil,South America,City,193.8,Autumn,4.9
Sacred Falls,Kenya,Africa,Historical,95.58,Summer,4.1
Crystal Valley,Thailand,Asia,Nature,68.03,Spring,4.4
Serene Park,Brazil,South America,Religious,126.58,Autumn,4.2
Mystic Falls,Canada,North America,Nature,166.2,Spring,4.2
Golden Plaza,New Zealand,Oceania,Beach,147.24,Summer,4.6
Hidden Temple,Greece,Europe,Nature,140.66,Summer,4
Ancient Beach,Argentina,South America,Historical,191.24,Winter,4.7
Ancient Valley,Egypt,Africa,Religious,102.55,Winter,5
Mystic Valley,Spain,Europe,Nature,136.49,Winter,4.7
Ancient Pagoda,USA,North America,Historical,108.77,Spring,4.3
Ancient Canyon,Brazil,South America,Adventure,108.19,Spring,3.9
Golden Canyon,Italy,Europe,Adventure,167.63,Autumn,4.3
Serene Park,Brazil,South America,City,146.87,Autumn,3.9
Sacred Plaza,China,Asia,City,81.58,Autumn,5
Crystal Valley,Canada,North America,Nature,156.14,Summer,4.2
Crystal Pagoda,Italy,Europe,Beach,213.19,Summer,4.2
Golden Beach,France,Europe,Adventure,245.47,Winter,4.7
Hidden Plaza,Kenya,Africa,Adventure,67.26,Spring,4.2
Grand Valley,South Africa,Africa,Beach,173.34,Autumn,4.7
Lush Valley,New Zealand,Oceania,City,93.49,Summer,5
Crystal Plaza,South Africa,Africa,Nature,157.45,Spring,4.3
Hidden Valley,Italy,Europe,Religious,153.6,Summer,4.4
Golden Plaza,India,Asia,Historical,62.78,Winter,4.7
Ancient Falls,Kenya,Africa,City,54.61,Spring,4.2
Mystic Beach,Vietnam,Asia,Beach,156.48,Autumn,4.4
Ancient Forest,Canada,North America,Beach,177.83,Winter,4.1
Lush Beach,Morocco,Africa,Historical,56.72,Autumn,4.8
Golden Plaza,Italy,Europe,Historical,145.32,Summer,4.9
Sacred Ruins,Greece,Europe,City,207.68,Autumn,4.3
Mystic Pagoda,South Africa,Africa,City,74.03,Summer,3.7
Golden Temple,Morocco,Africa,Beach,122.22,Autumn,4.1
Golden Canyon,Morocco,Africa,City,129.43,Summer,4.8
Ancient Valley,Greece,Europe,Adventure,170.54,Winter,4.4
Serene Plaza,Greece,Europe,Adventure,159.52,Winter,4.6
Sacred Ruins,Peru,South America,Religious,148.66,Autumn,4.3
Hidden Valley,Peru,South America,City,172.68,Summer,4.2
Mystic Falls,Greece,Europe,Historical,236.17,Winter,4.6
Golden Ruins,New Zealand,Oceania,City,101.86,Autumn,4.4
Golden Pagoda,Greece,Europe,Religious,158.99,Autumn,4.6
Ancient Park,Spain,Europe,Beach,185.73,Summer,3.9
Serene Ruins,Argentina,South America,Adventure,170.17,Autumn,4.6
Mystic Park,Morocco,Africa,Historical,81.42,Autumn,4.3
Ancient Canyon,Italy,Europe,Nature,96.54,Winter,4
Serene Valley,Japan,Asia,Adventure,122.22,Summer,4.6
Sacred Forest,Australia,Oceania,Beach,131.15,Spring,4.4
Serene Valley,Mexico,North America,Adventure,145.33,Winter,4.3
Mystic Beach,Germany,Europe,Religious,157.66,Autumn,4.8
Grand Canyon,Italy,Europe,Religious,237.75,Spring,4.5
Golden Forest,Peru,South America,Nature,167.68,Autumn,4.4
Ancient Valley,USA,North America,City,161.26,Summer,4.7
Hidden Plaza,Mexico,North America,Religious,223.22,Autumn,4.3
Ancient Falls,Canada,North America,Religious,113.35,Spring,5
Serene Plaza,Mexico,North America,Beach,135.07,Winter,4.6
Golden Plaza,Mexico,North America,Beach,210.03,Autumn,4.5
Hidden Ruins,Germany,Europe,City,186.61,Autumn,4.4
Crystal Temple,India,Asia,Religious,147.17,Winter,4.9
Golden Canyon,Peru,South America,City,183.65,Summer,4
Mystic Falls,Germany,Europe,Beach,145.28,Autumn,4.6
Mystic Park,Mexico,North America,Historical,215.4,Winter,4.1
Sacred Pagoda,New Zealand,Oceania,City,143.52,Summer,4.7
Crystal Beach,Canada,North America,Nature,153.67,Autumn,4.4
Grand Park,Thailand,Asia,Religious,113.52,Winter,4.6
Golden Plaza,Mexico,North America,Nature,172.18,Winter,4.2
Sacred Beach,Italy,Europe,Beach,172.53,Autumn,3.9
Ancient Pagoda,Thailand,Asia,Nature,133.61,Autumn,4.4
Golden Plaza,Vietnam,Asia,City,169.45,Summer,4.6
Ancient Beach,Canada,North America,City,107.98,Spring,4.4
Lush Park,Vietnam,Asia,Religious,202.44,Spring,5
Mystic Plaza,South Africa,Africa,Beach,131.32,Autumn,4.3
Golden Valley,USA,North America,Historical,143.03,Autumn,4.7
Crystal Plaza,China,Asia,Religious,154.17,Spring,4.3
Ancient Park,Brazil,South America,Religious,153.63,Winter,4.4
Hidden Beach,Peru,South America,Religious,116.17,Summer,4.8
Golden Falls,Greece,Europe,Adventure,63.44,Spring,4.9
Serene Ruins,Japan,Asia,City,63.31,Summer,4.6
Serene Temple,Peru,South America,City,173.67,Summer,4.4
Grand Canyon,Peru,South America,Historical,118.49,Spring,4.5
Lush Forest,Italy,Europe,Beach,171.61,Spring,4.6
Sacred Canyon,Australia,Oceania,Beach,181.78,Autumn,4.3
Ancient Temple,India,Asia,Nature,144.47,Spring,4.2
Mystic Canyon,India,Asia,Beach,183.87,Summer,4.3
Mystic Pagoda,Spain,Europe,Beach,30,Winter,4.4
Sacred Ruins,Germany,Europe,City,183.66,Summer,3.8
Golden Canyon,Vietnam,Asia,Historical,216.43,Autumn,4.6
Serene Forest,Canada,North America,Beach,141.4,Summer,4.4
Hidden Pagoda,Morocco,Africa,Historical,92.28,Autumn,4
Mystic Canyon,South Africa,Africa,Religious,228.39,Autumn,4.2
Crystal Beach,USA,North America,Historical,84.14,Winter,4.7
Mystic Park,Germany,Europe,Historical,134.37,Spring,4.7
Mystic Ruins,USA,North America,Religious,76.66,Spring,4.3
Hidden Park,USA,North America,City,175.83,Summer,4.8
Serene Forest,Germany,Europe,Adventure,94.82,Spring,4.4
Mystic Falls,Italy,Europe,Religious,220.07,Spring,4.2
Ancient Beach,India,Asia,Nature,194.65,Winter,5
Hidden Ruins,China,Asia,Adventure,135.99,Winter,4
Crystal Pagoda,France,Europe,Religious,73.25,Spring,3.9
Lush Falls,Argentina,South America,Nature,207.23,Winter,4.6
Mystic Forest,Greece,Europe,Religious,159.26,Autumn,4.6
Serene Pagoda,Greece,Europe,Historical,223.48,Summer,4.6
Serene Park,Japan,Asia,Beach,102.38,Spring,4.3
Ancient Forest,Australia,Oceania,City,179.32,Spring,4.4
Grand Temple,India,Asia,Religious,195.02,Summer,4.6
Hidden Plaza,Vietnam,Asia,Historical,195.08,Summer,5
Hidden Beach,Germany,Europe,Religious,186.78,Autumn,5
Lush Forest,Argentina,South America,Historical,195.9,Spring,4.3
Grand Pagoda,Spain,Europe,City,97.49,Autumn,4.7
Grand Ruins,Argentina,South America,City,109.59,Autumn,4.7
Crystal Pagoda,South Africa,Africa,Nature,164.19,Summer,4.2
Grand Valley,Australia,Oceania,Historical,135.69,Summer,3.9
Sacred Pagoda,France,Europe,Adventure,129.1,Spring,3.9
Grand Canyon,South Africa,Africa,City,140.72,Winter,4.4
Crystal Park,New Zealand,Oceania,Adventure,96.46,Summer,5
Golden Ruins,Argentina,South America,Adventure,122.71,Autumn,4.2
Crystal Plaza,Brazil,South America,Historical,159.24,Autumn,4.8
Crystal Pagoda,USA,North America,Adventure,111.35,Winter,4.5
Grand Canyon,Spain,Europe,Nature,66.57,Spring,4.8
Ancient Falls,Morocco,Africa,Religious,96.62,Autumn,4.4
Mystic Park,Australia,Oceania,Religious,161.45,Summer,3.9
Mystic Falls,Italy,Europe,City,155.56,Spring,4.5
Hidden Beach,USA,North America,Beach,168.38,Spring,4.5
Mystic Valley,Argentina,South America,Historical,182.63,Summer,4.2
Crystal Canyon,Egypt,Africa,City,138.09,Spring,4.5
Hidden Ruins,Kenya,Africa,Religious,208.25,Spring,4.1
Lush Plaza,France,Europe,City,106.08,Spring,4.4
Sacred Temple,Peru,South America,City,111.99,Summer,4.6
Ancient Valley,Canada,North America,Nature,194.07,Summer,4.7
Hidden Ruins,Germany,Europe,Beach,85.12,Autumn,4.3
Crystal Beach,India,Asia,Nature,208.51,Spring,4.5
Mystic Temple,Greece,Europe,City,180.42,Winter,5
Ancient Plaza,Argentina,South America,City,42.38,Winter,4.8
Grand Beach,Greece,Europe,Beach,80.55,Summer,4.3
Sacred Park,Canada,North America,Beach,118.61,Summer,4.4
Golden Valley,Italy,Europe,Adventure,148.42,Summer,4.6
Ancient Park,Argentina,South America,Religious,213.85,Summer,4.6
Hidden Beach,Canada,North America,Nature,109.11,Winter,4
Hidden Falls,Spain,Europe,City,92.33,Spring,4.8
Ancient Valley,USA,North America,Nature,104.15,Winter,4.6
Crystal Ruins,South Africa,Africa,Beach,205.04,Winter,4.8
Sacred Pagoda,New Zealand,Oceania,Beach,149.99,Summer,4.8
Ancient Ruins,Japan,Asia,Religious,90.91,Winter,4.6
Serene Plaza,Japan,Asia,Adventure,127.02,Autumn,4
Sacred Ruins,Greece,Europe,Historical,131.93,Summer,4.6
Golden Valley,Vietnam,Asia,Historical,277.73,Spring,4.3
Lush Park,Peru,South America,Adventure,159.81,Summer,4.2
Grand Canyon,Argentina,South America,Religious,182.87,Autumn,4.1
Lush Falls,Thailand,Asia,City,149.88,Summer,4.3
Grand Pagoda,USA,North America,Beach,108.11,Autumn,4.2
Grand Plaza,Australia,Oceania,Religious,229.49,Summer,4.7
Serene Falls,South Africa,Africa,Beach,124.04,Winter,5
Grand Pagoda,Canada,North America,Nature,175.14,Autumn,5
Grand Falls,Brazil,South America,Religious,131.29,Spring,4.5
Sacred Canyon,Vietnam,Asia,Religious,98.68,Autumn,4.9
Lush Pagoda,Germany,Europe,Adventure,221.29,Summer,4.3
Golden Valley,Mexico,North America,Religious,183.95,Winter,4.5
Grand Park,Vietnam,Asia,Religious,160.9,Summer,4.2
Ancient Valley,Kenya,Africa,Historical,120.31,Winter,4.5
Serene Canyon,Kenya,Africa,Nature,87.47,Autumn,4.5
Sacred Falls,Kenya,Africa,Adventure,92.33,Autumn,4
Golden Plaza,New Zealand,Oceania,Nature,139.33,Summer,4.8
Grand Pagoda,Greece,Europe,Adventure,114.55,Autumn,5
Crystal Ruins,India,Asia,Beach,158.63,Summer,4.7
Grand Pagoda,Vietnam,Asia,Adventure,146.13,Winter,4.1
Sacred Park,Greece,Europe,Nature,60.16,Autumn,4.9
Grand Canyon,Vietnam,Asia,Adventure,136.01,Winter,4.2
Hidden Canyon,Vietnam,Asia,Nature,107.98,Autumn,4.7
Mystic Falls,Peru,South America,Beach,258.25,Summer,4.9
Hidden Plaza,Japan,Asia,Religious,57.7,Summer,4.8
Grand Falls,Greece,Europe,Adventure,109.19,Spring,4.5
Crystal Park,Italy,Europe,Religious,139.79,Winter,4.7
Ancient Falls,Spain,Europe,Religious,146.3,Summer,4.5
Grand Park,USA,North America,Beach,112.18,Spring,4.6
Lush Park,Australia,Oceania,Adventure,175.28,Spring,4.9
Hidden Park,France,Europe,Historical,147.71,Autumn,4.3
Serene Falls,Greece,Europe,Adventure,174.57,Summer,4.7
Crystal Falls,Vietnam,Asia,Nature,177.98,Spring,4.3
Ancient Forest,Thailand,Asia,City,171.8,Autumn,3.7
Grand Temple,Canada,North America,Historical,159.34,Spring,4.6
Ancient Park,Egypt,Africa,Religious,116.25,Summer,4.4
Sacred Pagoda,Peru,South America,Historical,86.77,Summer,5
Crystal Forest,Thailand,Asia,City,192.04,Spring,4.6
Grand Canyon,Argentina,South America,Adventure,135.33,Spring,4.1
Sacred Ruins,Egypt,Africa,Nature,171.29,Autumn,4.6
Serene Pagoda,France,Europe,Religious,207.07,Winter,4.3
Golden Forest,Brazil,South America,Religious,172.21,Autumn,4.8
Mystic Canyon,Canada,North America,Historical,73.92,Autumn,5
Ancient Temple,Thailand,Asia,Adventure,263.62,Spring,4.8
Crystal Park,Thailand,Asia,Historical,205.15,Spring,5
Serene Beach,Mexico,North America,Adventure,157.28,Winter,4.3
Grand Plaza,Mexico,North America,Historical,72.78,Autumn,4.5
Mystic Beach,Morocco,Africa,Beach,144.42,Winter,4.3
Golden Pagoda,Brazil,South America,Historical,124.14,Winter,4.3
Crystal Valley,France,Europe,Beach,143.62,Summer,4.3
Mystic Temple,Thailand,Asia,Historical,31.18,Summer,4.4
Sacred Canyon,Greece,Europe,Nature,150.94,Summer,4.1
Hidden Falls,Vietnam,Asia,Beach,156.33,Winter,4.3
Serene Plaza,South Africa,Africa,Religious,157.83,Autumn,4.8
Crystal Pagoda,Canada,North America,City,255.18,Summer,4.7
Hidden Valley,Thailand,Asia,Historical,127.27,Summer,4.4
Serene Canyon,Peru,South America,Nature,68.12,Autumn,4.5
Crystal Beach,Germany,Europe,Historical,198.89,Autumn,3.9
Golden Temple,Morocco,Africa,Nature,94.32,Summer,5
Hidden Valley,Brazil,South America,Nature,131.93,Autumn,4.5
Grand Canyon,New Zealand,Oceania,City,155.52,Autumn,4.7
Mystic Pagoda,Argentina,South America,Beach,103.77,Winter,4
Crystal Valley,Morocco,Africa,Historical,181.04,Autumn,4.8
Hidden Plaza,Vietnam,Asia,Adventure,190.78,Autumn,4.5
Hidden Plaza,Greece,Europe,City,105.13,Spring,4.1
Golden Beach,Egypt,Africa,Religious,152.26,Spring,4.5
Mystic Beach,Morocco,Africa,Religious,73.64,Winter,4
Ancient Valley,China,Asia,City,175.01,Spring,4.3
Grand Falls,USA,North America,City,122.3,Winter,5
Hidden Canyon,India,Asia,Adventure,171.74,Winter,4.6
Grand Plaza,Canada,North America,Beach,157.99,Autumn,4.4
Sacred Park,South Africa,Africa,City,213.98,Summer,3.8
Serene Canyon,Morocco,Africa,City,157.86,Summer,4.5
Crystal Ruins,USA,North America,Beach,101.72,Autumn,5
Ancient Beach,Spain,Europe,Historical,218.4,Winter,4.1
Lush Valley,Australia,Oceania,Adventure,58.42,Autumn,4.2
Crystal Canyon,Mexico,North America,Religious,90.99,Winter,4.6
Serene Park,Vietnam,Asia,Adventure,254.79,Winter,5
Grand Ruins,Canada,North America,Historical,210.23,Winter,4.3
Lush Temple,France,Europe,Historical,193.97,Spring,4.2
Lush Ruins,Japan,Asia,Nature,182.85,Autumn,4.7
Grand Plaza,Peru,South America,Religious,94.42,Autumn,4.5
Golden Beach,Egypt,Africa,Historical,240.48,Summer,4.1
Golden Beach,Peru,South America,City,58,Autumn,4.5
Grand Falls,Brazil,South America,Nature,153.21,Autumn,4.4
Crystal Ruins,Germany,Europe,Nature,144.34,Summer,4.1
Mystic Valley,Australia,Oceania,Adventure,192.63,Spring,5
Ancient Falls,Peru,South America,Religious,197.92,Autumn,4.5
Crystal Falls,Italy,Europe,City,196.81,Autumn,4.6
Crystal Forest,Thailand,Asia,Historical,135.13,Spring,4.9
Lush Ruins,Peru,South America,Adventure,157.22,Winter,4.7
Mystic Beach,New Zealand,Oceania,Religious,108.4,Autumn,4.3
Mystic Pagoda,Mexico,North America,City,176.13,Summer,3.9
Hidden Forest,Thailand,Asia,Beach,246.02,Autumn,4.1
Mystic Valley,Vietnam,Asia,Adventure,75.54,Autumn,4.5
Mystic Ruins,Japan,Asia,Beach,211.98,Winter,4.4
Golden Forest,Australia,Oceania,Historical,216.85,Winter,4.9
Serene Pagoda,South Africa,Africa,City,265.18,Autumn,4.1
Ancient Plaza,Kenya,Africa,Beach,173.98,Spring,4.6
Mystic Beach,Japan,Asia,Nature,101.33,Summer,4.8
Crystal Park,Spain,Europe,Adventure,136.17,Autumn,4.6
Lush Falls,Kenya,Africa,Beach,252.49,Spring,4.5
Crystal Falls,South Africa,Africa,City,189.59,Winter,4.7
Grand Valley,Italy,Europe,Religious,82.52,Summer,4.4
Grand Valley,China,Asia,Historical,177.99,Winter,4.6
Grand Canyon,France,Europe,City,184.64,Winter,4.7
Lush Plaza,Morocco,Africa,Religious,145.23,Winter,4.6
Ancient Falls,Argentina,South America,Religious,209.74,Winter,4.8
Grand Pagoda,Australia,Oceania,City,151.11,Autumn,4.1
Grand Falls,Brazil,South America,Nature,244.89,Autumn,4.2
Ancient Beach,Egypt,Africa,City,124.93,Autumn,4.1
Mystic Pagoda,Australia,Oceania,Historical,179.82,Autumn,4.3
Grand Valley,Australia,Oceania,Religious,217.07,Summer,4.3
Crystal Temple,Vietnam,Asia,Historical,133.04,Winter,4.6
Sacred Valley,Australia,Oceania,Adventure,74.59,Spring,4.2
Grand Valley,Italy,Europe,Nature,100.5,Summer,4.5
Ancient Forest,India,Asia,Religious,199.51,Spring,4.3
Mystic Plaza,France,Europe,Beach,189.14,Autumn,4.4
Crystal Falls,Italy,Europe,Beach,121.75,Autumn,4.6
Lush Park,South Africa,Africa,Religious,157.47,Autumn,4.6
Ancient Park,Brazil,South America,Historical,261.03,Winter,4.5
Golden Beach,Brazil,South America,Religious,132,Summer,4.3
Lush Pagoda,China,Asia,Beach,143.56,Summer,4.6
Hidden Plaza,China,Asia,Religious,186.57,Autumn,4.7
Serene Valley,Argentina,South America,Beach,190.84,Winter,4.4
Serene Pagoda,France,Europe,Religious,201.47,Winter,4.8
Sacred Temple,Morocco,Africa,City,177.67,Winter,4.4
Grand Beach,Spain,Europe,Historical,153.66,Autumn,4.5
Lush Pagoda,Greece,Europe,City,132.46,Winter,4.8
Serene Canyon,Vietnam,Asia,Beach,158.93,Autumn,4.9
Ancient Plaza,South Africa,Africa,Adventure,154.56,Summer,5
Grand Pagoda,Thailand,Asia,Adventure,213.77,Spring,4.5
Golden Forest,Australia,Oceania,Nature,120.35,Autumn,4.6
Crystal Plaza,France,Europe,Adventure,210.91,Spring,4.8
Hidden Pagoda,Vietnam,Asia,Beach,168.07,Autumn,4.7
Serene Pagoda,Thailand,Asia,Beach,196.66,Winter,4.4
Hidden Park,Japan,Asia,Adventure,153.64,Winter,4.6
Grand Plaza,Kenya,Africa,Adventure,104.18,Winter,4.2
Mystic Park,Kenya,Africa,Religious,199.83,Spring,4.3
Mystic Ruins,Canada,North America,Historical,171.2,Summer,4.5
Grand Pagoda,Canada,North America,City,81.59,Autumn,4.1
Golden Falls,Argentina,South America,City,200.63,Winter,4.5
Sacred Beach,Brazil,South America,Historical,93.11,Winter,4.5
Serene Valley,Spain,Europe,Historical,140.93,Autumn,4.5
Hidden Falls,New Zealand,Oceania,City,72.33,Autumn,5
Sacred Park,Italy,Europe,Nature,118.9,Spring,4.7
Lush Pagoda,Kenya,Africa,Beach,100.23,Summer,5
Golden Forest,Greece,Europe,Beach,192.9,Summer,4.3
Hidden Ruins,Greece,Europe,City,194.83,Summer,4
Lush Valley,Argentina,South America,Religious,189.66,Autumn,4.5
Mystic Valley,Germany,Europe,Religious,79.54,Spring,4.4
Golden Temple,Canada,North America,Adventure,114.27,Autumn,4.7
Ancient Canyon,Vietnam,Asia,Historical,157.47,Spring,4.4
Serene Ruins,Japan,Asia,Religious,100.24,Autumn,4.4
Grand Plaza,Australia,Oceania,Adventure,88.33,Winter,4.1
Lush Ruins,Thailand,Asia,Adventure,120.7,Spring,4.6
Hidden Plaza,France,Europe,Religious,144.68,Summer,4.4
Golden Ruins,USA,North America,Adventure,115.39,Summer,3.9
Sacred Canyon,South Africa,Africa,Beach,206.92,Spring,4.5
Sacred Park,Peru,South America,Historical,163.87,Summer,4.5
Serene Forest,Germany,Europe,Religious,162.41,Autumn,4
Grand Temple,Egypt,Africa,Nature,101.23,Autumn,4.9
Grand Ruins,Argentina,South America,Beach,78.94,Summer,4.3
Sacred Forest,Australia,Oceania,Nature,200.09,Spring,4.4
Mystic Beach,Argentina,South America,Nature,96.81,Spring,4.3
Crystal Plaza,France,Europe,Nature,61.45,Spring,4.6
Crystal Forest,Australia,Oceania,Beach,196,Summer,4.4
Ancient Pagoda,Japan,Asia,Beach,46.22,Summer,4.5
Serene Park,Argentina,South America,Nature,97.18,Summer,4.2
Crystal Park,South Africa,Africa,Religious,173.22,Winter,4.3
Serene Valley,Kenya,Africa,City,105.44,Autumn,4.6
Hidden Pagoda,Peru,South America,Nature,159.05,Winter,4.9
Ancient Valley,Greece,Europe,City,139.85,Autumn,4.6
Lush Valley,Italy,Europe,Adventure,150.39,Winter,4.4
Sacred Plaza,Japan,Asia,Religious,118.04,Autumn,4.2
Lush Pagoda,Brazil,South America,Nature,80.57,Autumn,4
Lush Pagoda,Thailand,Asia,City,174.41,Winter,4.2
Lush Pagoda,Germany,Europe,Religious,151.74,Summer,3.9
Hidden Valley,Italy,Europe,Religious,189.52,Winter,4.9
Crystal Beach,Egypt,Africa,Adventure,107.18,Summer,4.5
Hidden Canyon,Australia,Oceania,City,124.82,Summer,4.5
Mystic Park,Argentina,South America,Adventure,130.86,Summer,4.5
Serene Ruins,Thailand,Asia,Beach,177.87,Spring,4.5
Ancient Beach,Vietnam,Asia,Beach,130.01,Summer,4.6
Hidden Plaza,Thailand,Asia,Adventure,215.74,Spring,4.3
Sacred Pagoda,Vietnam,Asia,Religious,91.19,Winter,4.6
Hidden Valley,India,Asia,Religious,163.95,Autumn,4.8
Grand Falls,Egypt,Africa,Religious,139.87,Autumn,4.3
Ancient Ruins,New Zealand,Oceania,Beach,79.9,Autumn,4.9
Ancient Forest,France,Europe,Nature,211.88,Spring,4.6
Sacred Temple,Spain,Europe,City,136.09,Summer,4.4
Sacred Ruins,Vietnam,Asia,Nature,198.94,Summer,4.1
Lush Valley,France,Europe,Historical,100.74,Winter,4.9
Golden Pagoda,New Zealand,Oceania,Nature,142.5,Spring,4.1
Golden Forest,France,Europe,Historical,133.6,Autumn,4.7
Ancient Forest,Peru,South America,Adventure,131.72,Spring,4.5
Ancient Ruins,USA,North America,Historical,119.79,Winter,4.1
Hidden Ruins,Argentina,South America,Adventure,127.4,Winter,4.3
Ancient Falls,France,Europe,Religious,96.94,Summer,4.5
Ancient Beach,Germany,Europe,Adventure,165.98,Spring,5
Sacred Plaza,Canada,North America,City,227.26,Winter,5
Sacred Plaza,Greece,Europe,Historical,95.13,Summer,4.1
Serene Beach,Spain,Europe,Adventure,169.06,Summer,4.5
Sacred Ruins,Brazil,South America,Nature,197.5,Summer,4.6
Sacred Temple,Argentina,South America,Nature,137.98,Autumn,4
Sacred Plaza,Germany,Europe,Historical,165.09,Winter,4.6
Lush Park,New Zealand,Oceania,Adventure,164.87,Summer,4.5
Lush Canyon,Argentina,South America,Religious,40.19,Winter,4.5
Serene Park,Egypt,Africa,Historical,225.67,Autumn,4.6
Sacred Park,Australia,Oceania,Historical,110,Summer,3.9
Ancient Ruins,Spain,Europe,Historical,209.68,Summer,4.3
Sacred Falls,New Zealand,Oceania,Historical,219.67,Autumn,4.7
Lush Canyon,Kenya,Africa,Historical,133.37,Spring,4.8
Lush Park,Mexico,North America,Religious,233.45,Spring,4.2
Golden Park,Peru,South America,Beach,112.9,Winter,4.9
Grand Forest,Vietnam,Asia,Beach,179.3,Summer,4.3
Ancient Forest,Vietnam,Asia,Adventure,117.28,Summer,4.2
Hidden Plaza,France,Europe,Religious,75.05,Autumn,4.5
Golden Valley,Egypt,Africa,Historical,105.79,Autumn,3.7
Serene Beach,India,Asia,Historical,242.78,Winter,4.6
Crystal Temple,Brazil,South America,Religious,98.2,Spring,4.5
Lush Park,Mexico,North America,Adventure,198.02,Spring,4.6
Grand Valley,Canada,North America,Beach,173.7,Winter,4.3
Serene Park,Brazil,South America,Nature,194.38,Autumn,4.7
Mystic Valley,Kenya,Africa,Religious,56.98,Winter,4.8
Crystal Temple,Germany,Europe,Historical,132.53,Winter,4.3
Lush Beach,Kenya,Africa,Beach,67.72,Spring,5
Hidden Plaza,Thailand,Asia,Religious,129.39,Summer,4.8
Lush Pagoda,Thailand,Asia,Historical,154.85,Summer,4.5
Serene Beach,Japan,Asia,Nature,136,Summer,4.1
Grand Temple,Brazil,South America,Adventure,165.72,Autumn,5
Serene Plaza,Peru,South America,Beach,120.97,Summer,4.3
Crystal Valley,Spain,Europe,City,181.51,Winter,3.9
Grand Beach,Morocco,Africa,Religious,113.42,Summer,5
Serene Valley,South Africa,Africa,Religious,166.66,Spring,4.6
Hidden Forest,Vietnam,Asia,City,119.59,Spring,4.6
Lush Park,Mexico,North America,Beach,274.25,Autumn,4.9
Grand Falls,Greece,Europe,Beach,130.14,Summer,4.2
Lush Beach,Spain,Europe,City,153.85,Summer,4.5
Golden Forest,Argentina,South America,Nature,178.41,Autumn,4.2
Grand Temple,Italy,Europe,Historical,137.53,Autumn,5
Lush Plaza,Egypt,Africa,Religious,162.14,Summer,3.9
Golden Pagoda,Egypt,Africa,Nature,123.9,Summer,4.7
Golden Park,Australia,Oceania,Historical,246.17,Winter,4.3
Mystic Forest,Spain,Europe,Nature,172.18,Winter,4
Lush Ruins,Brazil,South America,Historical,46.75,Autumn,4.5
Crystal Park,Mexico,North America,City,148.51,Summer,4.3
Sacred Ruins,Thailand,Asia,Nature,232.17,Spring,4.6
Crystal Falls,Germany,Europe,Adventure,269.54,Spring,4.6
Sacred Forest,France,Europe,Nature,30,Winter,4.3
Serene Temple,Italy,Europe,Adventure,114.25,Spring,4.3
Lush Park,Spain,Europe,Historical,100.75,Winter,4.6
Grand Falls,Peru,South America,Nature,208.88,Spring,4.4
Golden Pagoda,USA,North America,Beach,124.12,Autumn,4.5
Lush Park,Mexico,North America,Beach,234.23,Winter,5
Hidden Plaza,Canada,North America,City,116.07,Autumn,4.4
Golden Falls,Canada,North America,Adventure,160.87,Winter,4.4
Ancient Ruins,France,Europe,Beach,229.93,Spring,4.7
Hidden Beach,Argentina,South America,Adventure,113.57,Winter,5
Serene Canyon,France,Europe,City,109.53,Winter,4.8
Golden Ruins,USA,North America,Historical,193.68,Winter,4.5
Mystic Plaza,Brazil,South America,Beach,69.21,Summer,4.6
Crystal Pagoda,Morocco,Africa,Beach,159.63,Spring,4.8
Sacred Park,Mexico,North America,Historical,144.78,Spring,4.6
Mystic Temple,Thailand,Asia,Religious,161.77,Summer,4.3
Hidden Park,Canada,North America,Nature,99.02,Autumn,4.6
Serene Forest,Thailand,Asia,Religious,124.94,Winter,4.9
Crystal Ruins,Argentina,South America,City,187.5,Spring,4.6
Ancient Pagoda,Australia,Oceania,Nature,130.19,Autumn,4.3
Grand Forest,Kenya,Africa,Nature,159.47,Summer,4.6
Hidden Forest,Japan,Asia,Adventure,104.29,Autumn,4.3
Grand Park,Vietnam,Asia,Religious,73.12,Autumn,4.5
Serene Pagoda,Morocco,Africa,Beach,145.35,Winter,4.4
Grand Park,Mexico,North America,Adventure,130.58,Winter,4.4
Mystic Valley,USA,North America,Historical,129.63,Spring,4.9
Golden Pagoda,Argentina,South America,Adventure,215.56,Spring,4.4
Lush Plaza,Australia,Oceania,Nature,153.99,Spring,4.2
Grand Beach,Thailand,Asia,Historical,206.98,Autumn,4.4
Ancient Falls,USA,North America,Adventure,158.35,Winter,4.6
Serene Valley,Spain,Europe,Historical,144.33,Summer,4.6
Serene Falls,Greece,Europe,Beach,200.88,Spring,4.7
Crystal Temple,Canada,North America,Religious,179.77,Spring,4.3
Crystal Canyon,Egypt,Africa,City,141.92,Spring,4.3
Golden Pagoda,Japan,Asia,Adventure,217.55,Autumn,4.8
Serene Temple,Morocco,Africa,Nature,210.61,Winter,4.4
Sacred Pagoda,Canada,North America,Adventure,139.98,Winter,4.6
Serene Plaza,India,Asia,Historical,116.19,Summer,4.2
Sacred Beach,Thailand,Asia,City,227.94,Autumn,4
Golden Pagoda,Japan,Asia,City,107.97,Winter,4.7
Grand Plaza,Kenya,Africa,Historical,137.87,Spring,3.9
Golden Ruins,New Zealand,Oceania,Historical,92.09,Spring,4
Serene Plaza,Germany,Europe,Historical,197.89,Autumn,4.6
Ancient Falls,Spain,Europe,Nature,234.22,Autumn,4.8
Ancient Forest,South Africa,Africa,Adventure,113.24,Spring,5
Serene Valley,USA,North America,Beach,135.91,Autumn,4.5
Sacred Valley,China,Asia,Historical,147.2,Winter,4.6
Mystic Falls,India,Asia,Beach,162.81,Spring,4.6
Mystic Forest,Thailand,Asia,Adventure,169.07,Winter,4.6
Serene Ruins,Thailand,Asia,Adventure,32.13,Summer,4.3
Lush Ruins,Canada,North America,Historical,124.26,Autumn,4.6
Sacred Pagoda,Egypt,Africa,Nature,111.71,Spring,4.5
Lush Valley,Brazil,South America,City,199.51,Summer,4.4
Lush Pagoda,China,Asia,Nature,161.15,Winter,4.9
Crystal Pagoda,India,Asia,Nature,150.64,Summer,4.6
Mystic Plaza,Japan,Asia,Religious,207.31,Spring,4.5
Mystic Park,Mexico,North America,City,135.13,Autumn,4.4
Mystic Canyon,Greece,Europe,Adventure,142.36,Summer,5
Ancient Temple,Morocco,Africa,Nature,125.79,Spring,4.2
Ancient Valley,Vietnam,Asia,Adventure,83.54,Summer,4.5
Crystal Temple,Australia,Oceania,Historical,240.67,Autumn,4.4
Lush Plaza,Australia,Oceania,Beach,101.39,Autumn,4.8
Grand Beach,Peru,South America,Religious,126.06,Autumn,4.6
Mystic Falls,France,Europe,Historical,84.56,Summer,5
Ancient Valley,Kenya,Africa,Religious,169.79,Autumn,4.6
Lush Ruins,New Zealand,Oceania,Religious,64.59,Winter,5
Golden Park,Vietnam,Asia,Historical,204.87,Winter,4
Grand Ruins,Greece,Europe,City,150.54,Spring,4.7
Mystic Pagoda,Spain,Europe,Religious,162.18,Summer,4.2
Sacred Temple,Japan,Asia,City,116.21,Winter,4
Sacred Valley,India,Asia,Religious,155.53,Summer,4.3
Golden Beach,China,Asia,Religious,139.74,Spring,4.1
Serene Temple,China,Asia,City,107.16,Winter,4.2
Golden Falls,Spain,Europe,Beach,142.02,Autumn,4.6
Ancient Ruins,Canada,North America,Religious,152.27,Summer,4.7
Hidden Falls,USA,North America,Beach,133.04,Autumn,4
Sacred Plaza,New Zealand,Oceania,Religious,166.22,Winter,4
Hidden Falls,Thailand,Asia,Beach,91.2,Winter,4.4
Golden Plaza,USA,North America,Beach,149.72,Autumn,4.9
Crystal Park,Canada,North America,Adventure,162.21,Winter,4
Grand Canyon,Japan,Asia,Beach,163.83,Summer,4.5
Mystic Canyon,Egypt,Africa,Adventure,214.33,Summer,4.3
Grand Ruins,Greece,Europe,Nature,71.85,Spring,4.1
Lush Valley,Peru,South America,City,145.76,Spring,5
Serene Forest,Peru,South America,Beach,57.91,Autumn,4.8
Ancient Canyon,South Africa,Africa,Religious,112.02,Summer,4.3
Ancient Beach,Mexico,North America,Religious,158.21,Autumn,5
Mystic Plaza,Germany,Europe,Historical,153.59,Autumn,4.6
Lush Falls,Canada,North America,Religious,160.48,Summer,4.2
Golden Forest,Germany,Europe,Historical,231.58,Spring,4.7
Serene Falls,Thailand,Asia,Religious,145.41,Spring,4.2
Serene Temple,Peru,South America,City,130.95,Winter,4.7
Golden Valley,Egypt,Africa,Adventure,187.98,Spring,4.4
Mystic Temple,Vietnam,Asia,Beach,55.62,Winter,4.3
Serene Temple,Germany,Europe,Beach,93.94,Winter,4.8
Crystal Ruins,Australia,Oceania,Beach,71.33,Autumn,4.1
Serene Canyon,Canada,North America,City,48.91,Autumn,4.5
Serene Canyon,Argentina,South America,Nature,83.95,Autumn,3.9
Mystic Pagoda,Vietnam,Asia,Beach,207.97,Spring,4.8
Lush Beach,India,Asia,Adventure,163.11,Autumn,4.3
Crystal Park,China,Asia,Adventure,225.46,Summer,4.7
Lush Canyon,New Zealand,Oceania,City,143.05,Winter,4.9
Lush Valley,India,Asia,Historical,210.33,Autumn,4
Serene Beach,Peru,South America,City,130.89,Autumn,4.3
Grand Plaza,France,Europe,Nature,128.82,Spring,4.1
Ancient Plaza,Japan,Asia,Adventure,120.74,Autumn,4.1
Mystic Temple,Italy,Europe,Beach,118.5,Autumn,4.7
Lush Falls,Thailand,Asia,Historical,93.14,Spring,4.2
Serene Temple,Italy,Europe,Religious,174.74,Autumn,4.6
Golden Ruins,Vietnam,Asia,Beach,219.73,Spring,4.2
Mystic Canyon,Brazil,South America,Nature,157.72,Autumn,4.4
Ancient Plaza,Mexico,North America,Nature,63.94,Winter,4.2
Serene Plaza,China,Asia,Religious,111.87,Summer,4.8
Sacred Forest,USA,North America,Adventure,126.72,Spring,4
Ancient Valley,Kenya,Africa,Adventure,184.07,Spring,4.2
Crystal Temple,Morocco,Africa,Nature,171.11,Spring,5
Mystic Pagoda,China,Asia,Religious,46.83,Spring,4.4
Grand Forest,France,Europe,Beach,158.51,Summer,4.8
Mystic Ruins,Thailand,Asia,Religious,117.31,Spring,4.5
Mystic Forest,Japan,Asia,City,51.7,Winter,4.5
Golden Ruins,Greece,Europe,Adventure,48.19,Winter,4.5
Ancient Ruins,Canada,North America,Historical,95.02,Autumn,4.5
Crystal Valley,Spain,Europe,Historical,170.21,Summer,4.7
Ancient Beach,Peru,South America,Beach,182.47,Winter,4.7
Golden Valley,Italy,Europe,Historical,165.37,Summer,4.3
Sacred Canyon,Canada,North America,Nature,242.95,Summer,4.8
Hidden Falls,Vietnam,Asia,Adventure,123.72,Spring,4.5
Hidden Plaza,Kenya,Africa,Historical,143.75,Spring,4.3
Hidden Valley,China,Asia,Nature,95.39,Summer,4.5
Mystic Beach,France,Europe,Adventure,124.98,Autumn,4.6
Serene Falls,Egypt,Africa,Beach,31.42,Spring,5
Serene Beach,India,Asia,Nature,194.44,Autumn,4.6
Golden Falls,Morocco,Africa,Historical,116.66,Summer,4.6
Grand Park,Kenya,Africa,Adventure,129.69,Winter,4.3
Lush Valley,Spain,Europe,Historical,157.29,Autumn,4.7
Sacred Park,China,Asia,Historical,118.83,Winter,4.6
Ancient Canyon,Australia,Oceania,Beach,191.98,Winter,4.1
Lush Valley,Kenya,Africa,Nature,166.04,Autumn,4.5
Mystic Valley,Vietnam,Asia,Religious,204,Winter,4.8
Hidden Plaza,Greece,Europe,Adventure,216.52,Summer,4.9
Ancient Ruins,Brazil,South America,City,143.74,Spring,4.8
Hidden Temple,New Zealand,Oceania,Religious,204.09,Autumn,4.4
Grand Plaza,South Africa,Africa,Nature,116.58,Summer,4.5
Serene Canyon,Morocco,Africa,Religious,188.83,Autumn,4.5
Hidden Park,Greece,Europe,Historical,163.1,Summer,3.9
Mystic Falls,Canada,North America,Religious,146.59,Summer,4.6
Sacred Temple,China,Asia,Nature,218.49,Summer,4.2
Mystic Forest,China,Asia,Adventure,100.44,Spring,4.8
Golden Forest,Kenya,Africa,Nature,167.52,Winter,4.2
Crystal Temple,India,Asia,Historical,200.07,Winter,4.6
Crystal Ruins,Vietnam,Asia,Religious,60.94,Autumn,3.8
Crystal Forest,Kenya,Africa,Religious,199.79,Summer,4.7
Serene Pagoda,Greece,Europe,Historical,208.67,Autumn,4.4
Hidden Ruins,Argentina,South America,Religious,165.54,Autumn,4
Golden Ruins,Canada,North America,Religious,177.59,Winter,4.7
Mystic Beach,Vietnam,Asia,Religious,139.37,Autumn,4.9
Lush Falls,New Zealand,Oceania,Adventure,106.09,Spring,4.5
Crystal Canyon,China,Asia,Adventure,86.31,Summer,4.6
Hidden Park,Canada,North America,Religious,207.48,Autumn,4.6
Mystic Park,Italy,Europe,Religious,154.79,Spring,4.3
Mystic Temple,Germany,Europe,Adventure,92.14,Autumn,4.1
Golden Falls,Canada,North America,Religious,187.35,Winter,4.9
Grand Ruins,South Africa,Africa,Beach,192.16,Winter,4.8
Mystic Beach,Italy,Europe,Beach,106.54,Spring,4.4
Mystic Plaza,Greece,Europe,Nature,192.5,Spring,4.6
Lush Canyon,Mexico,North America,Beach,92.68,Summer,4.6
Ancient Pagoda,Egypt,Africa,City,166.16,Autumn,4.9
Lush Falls,Morocco,Africa,Adventure,185.36,Spring,4.8
Lush Forest,France,Europe,Beach,126.94,Summer,4.7
Ancient Park,Mexico,North America,Beach,159.97,Autumn,4.5
Grand Canyon,USA,North America,Adventure,90.27,Autumn,4.6
Sacred Ruins,South Africa,Africa,City,123.31,Summer,4.3
Sacred Forest,China,Asia,Religious,171.03,Summer,4.3
Serene Valley,Vietnam,Asia,Beach,88.17,Summer,4.7
Lush Falls,USA,North America,Nature,192.84,Winter,5
Mystic Valley,Greece,Europe,Beach,124.61,Winter,3.9
Ancient Forest,New Zealand,Oceania,Historical,102.06,Summer,4.1
Golden Temple,Argentina,South America,Historical,165.71,Winter,4.4
Lush Ruins,Argentina,South America,Beach,184.52,Spring,4.6
Hidden Park,South Africa,Africa,Adventure,147.54,Spring,4.6
Golden Temple,New Zealand,Oceania,Nature,90.65,Winter,4.8
Serene Ruins,Italy,Europe,City,121.33,Winter,4.4
Crystal Ruins,Egypt,Africa,Nature,141.1,Winter,4.2
Crystal Plaza,Egypt,Africa,Adventure,92.82,Summer,4.7
Crystal Plaza,Morocco,Africa,City,125.61,Autumn,4.8
Crystal Temple,Germany,Europe,Nature,248.64,Winter,4.6
Mystic Falls,Japan,Asia,Nature,80.61,Winter,4.7
Serene Valley,Thailand,Asia,Adventure,198.63,Summer,4.5
Grand Valley,Brazil,South America,Beach,175.04,Summer,4.2
Hidden Canyon,Peru,South America,Religious,95.46,Summer,4.7
Grand Temple,Germany,Europe,City,160.83,Spring,4.4
Crystal Park,China,Asia,Beach,226.18,Summer,4.1
Crystal Forest,Vietnam,Asia,Beach,58.95,Spring,4.3
Mystic Falls,Brazil,South America,Nature,156.61,Summer,4.5
Sacred Forest,China,Asia,City,144.98,Spring,4.5
Crystal Beach,Egypt,Africa,Adventure,161.64,Autumn,4.7
Mystic Plaza,Kenya,Africa,Nature,193.64,Winter,4.2
Hidden Temple,South Africa,Africa,Religious,222.49,Spring,4.1
Mystic Pagoda,Kenya,Africa,Nature,123.12,Autumn,4.7
Grand Forest,Japan,Asia,Adventure,231.45,Spring,4
Grand Falls,Mexico,North America,Historical,189.59,Summer,4.3
Serene Valley,Spain,Europe,Religious,115.68,Summer,4.2
Crystal Forest,USA,North America,Nature,222.61,Summer,4.5
Mystic Pagoda,Vietnam,Asia,Beach,124.67,Autumn,4.2
Serene Beach,Vietnam,Asia,Nature,190.45,Summer,4.3
Sacred Park,Thailand,Asia,Religious,137.29,Spring,4.3
Sacred Temple,Italy,Europe,Nature,91.15,Autumn,5
Sacred Falls,USA,North America,Beach,133.07,Spring,4.4
Hidden Valley,Italy,Europe,Adventure,160.47,Autumn,4.2
Ancient Canyon,Peru,South America,Religious,211.4,Winter,4.5
Golden Park,Argentina,South America,Adventure,201.08,Spring,4.8
Sacred Beach,China,Asia,City,218.2,Spring,4.1
Golden Park,India,Asia,Nature,177.29,Autumn,3.8
Golden Falls,India,Asia,Historical,217.27,Spring,4.5
Grand Pagoda,USA,North America,Adventure,171.09,Spring,4.9
Lush Beach,Canada,North America,Beach,236.49,Winter,4.1
Grand Falls,Germany,Europe,Religious,95.39,Spring,4.4
Sacred Canyon,Argentina,South America,Historical,113.34,Autumn,4.3
Hidden Plaza,Greece,Europe,Adventure,153.39,Autumn,3.9
Crystal Beach,France,Europe,Historical,136.72,Winter,4.8
Golden Ruins,Germany,Europe,Adventure,152.79,Autumn,4.4
Crystal Valley,Kenya,Africa,City,138.02,Autumn,4.5
Mystic Falls,Thailand,Asia,Adventure,127.32,Autumn,5
Ancient Beach,China,Asia,Nature,183.58,Autumn,4.3
Serene Beach,Germany,Europe,City,116.64,Spring,4.3
Golden Plaza,Kenya,Africa,Historical,134.65,Autumn,4.9
Grand Temple,Vietnam,Asia,Historical,169.32,Spring,4.8
Ancient Canyon,Egypt,Africa,City,77.65,Winter,4.5
Ancient Forest,Mexico,North America,Religious,49.13,Autumn,3.7
Mystic Temple,Egypt,Africa,City,237.43,Winter,4.4
Serene Ruins,Greece,Europe,City,80.36,Autumn,4.5
Golden Plaza,Thailand,Asia,Beach,164.1,Winter,4.4
Serene Temple,Thailand,Asia,Nature,152.28,Spring,4.7
Grand Beach,Peru,South America,Adventure,96.25,Autumn,4.5
Hidden Plaza,Argentina,South America,Beach,162.3,Spring,4.3
Golden Beach,Mexico,North America,Historical,115.43,Summer,4.7
Lush Canyon,Kenya,Africa,Religious,185.92,Spring,4.5
Lush Falls,Egypt,Africa,Beach,177.93,Autumn,3.7
Golden Forest,Peru,South America,Historical,182.62,Summer,4
Hidden Park,Germany,Europe,Historical,87.1,Spring,4.7
Crystal Temple,Australia,Oceania,Nature,184.64,Spring,4.8
Mystic Park,South Africa,Africa,Adventure,91.3,Summer,4.3
Lush Valley,Greece,Europe,Beach,223.55,Winter,4.3
Lush Temple,Spain,Europe,Nature,116.28,Spring,4.3
Serene Plaza,New Zealand,Oceania,Religious,77.82,Winter,4.4
Sacred Falls,New Zealand,Oceania,Religious,86.43,Spring,4.1
Ancient Pagoda,Japan,Asia,Adventure,197.57,Summer,4.7
Crystal Ruins,Thailand,Asia,Nature,171.67,Summer,4.3
Serene Plaza,Argentina,South America,Beach,156.32,Summer,4.4
Sacred Plaza,Vietnam,Asia,Religious,214.27,Summer,4.3
Serene Ruins,New Zealand,Oceania,Adventure,178.87,Autumn,4.5
Golden Forest,France,Europe,City,145.38,Winter,5
Serene Canyon,India,Asia,Nature,119.58,Spring,4.7
Golden Forest,Brazil,South America,Nature,126.84,Summer,4.7
Crystal Ruins,Mexico,North America,Historical,269.42,Summer,4.9
Serene Forest,Brazil,South America,Beach,151.88,Winter,4.4
Hidden Falls,Greece,Europe,Beach,200.36,Spring,4.7
Grand Park,Spain,Europe,Religious,48.35,Spring,5
Golden Falls,Argentina,South America,Historical,160.53,Summer,4.4
Golden Forest,Mexico,North America,Religious,145.59,Spring,5
Grand Canyon,Kenya,Africa,Nature,97.69,Summer,4.6
Serene Falls,Morocco,Africa,Religious,95.8,Winter,4.6
Serene Plaza,Brazil,South America,City,110.46,Autumn,4.5
Mystic Pagoda,Japan,Asia,City,188.42,Autumn,4.3
Mystic Canyon,USA,North America,City,150.08,Winter,4.6
Grand Park,France,Europe,Historical,122.3,Winter,4.6
Serene Pagoda,Canada,North America,Beach,106.59,Winter,4.5
Mystic Beach,Morocco,Africa,Adventure,179.23,Summer,4.4
Ancient Beach,Egypt,Africa,Beach,123.26,Autumn,4.6
Ancient Canyon,Morocco,Africa,Beach,209.21,Winter,4.3
Golden Valley,Germany,Europe,Religious,86.5,Summer,4.7
Ancient Temple,New Zealand,Oceania,Religious,163.06,Spring,4.8
Crystal Falls,Germany,Europe,Adventure,90.85,Autumn,4.4
Crystal Forest,Vietnam,Asia,City,129.79,Winter,4.6
Crystal Valley,Greece,Europe,Beach,182.28,Summer,4.5
Serene Beach,Australia,Oceania,Adventure,203.93,Winter,4.4
Crystal Temple,Mexico,North America,Adventure,95.24,Autumn,3.5
Ancient Temple,Kenya,Africa,Adventure,133.04,Summer,4.9
Hidden Valley,Greece,Europe,Historical,287.76,Spring,4.4
Mystic Plaza,Japan,Asia,Beach,146.66,Summer,4.9
Mystic Canyon,Australia,Oceania,Historical,136.72,Winter,4.4
Crystal Pagoda,Egypt,Africa,Historical,105.77,Spring,4.3
Ancient Beach,Kenya,Africa,Historical,174.31,Spring,3.9
Grand Pagoda,Germany,Europe,Religious,112.46,Winter,3.9
Crystal Ruins,Vietnam,Asia,Beach,80.23,Summer,4.3
Grand Falls,Spain,Europe,Historical,229.13,Winter,4.4
Grand Park,Peru,South America,Adventure,221.37,Autumn,4.4
Serene Plaza,Morocco,Africa,Historical,80.56,Winter,4.6
Lush Forest,Thailand,Asia,Nature,165.37,Autumn,4.4
Grand Forest,New Zealand,Oceania,City,103.01,Autumn,4.8
Serene Falls,South Africa,Africa,Religious,142.08,Winter,4.4
Lush Ruins,France,Europe,City,184.01,Summer,4.4
Mystic Canyon,Greece,Europe,Beach,196.18,Spring,4.2
Serene Beach,India,Asia,City,131.08,Autumn,4.5
Golden Plaza,Germany,Europe,Beach,179.39,Winter,4.7
Ancient Pagoda,Japan,Asia,Beach,109.48,Summer,4.4
Mystic Valley,Egypt,Africa,City,217.54,Summer,4.3
Grand Ruins,Mexico,North America,Beach,140.08,Summer,4.2
Crystal Pagoda,USA,North America,Adventure,208.32,Winter,4.7
Golden Canyon,Thailand,Asia,Religious,109.38,Spring,4.4
Golden Park,Greece,Europe,City,121.91,Summer,4.6
Grand Pagoda,USA,North America,Nature,266.9,Winter,4.4
Sacred Canyon,New Zealand,Oceania,Religious,209.08,Spring,5
Ancient Forest,Mexico,North America,Adventure,116.14,Winter,4.6
Golden Temple,China,Asia,City,126.21,Winter,4.3
Lush Pagoda,China,Asia,City,81.74,Summer,4.3
Mystic Beach,Peru,South America,Religious,159.55,Autumn,4.5
Ancient Valley,Japan,Asia,Religious,123.29,Autumn,4.5
Crystal Ruins,Spain,Europe,Historical,303.84,Spring,4.9
Golden Canyon,New Zealand,Oceania,Beach,127.34,Summer,4.4
Golden Temple,Canada,North America,Nature,83,Winter,4.6
Lush Beach,Brazil,South America,Beach,179.21,Summer,4.7
Golden Falls,Italy,Europe,Historical,199.69,Summer,4.9
Grand Falls,Argentina,South America,Adventure,158.58,Winter,4.6
Sacred Valley,Germany,Europe,Religious,181.62,Summer,4.4
Grand Pagoda,Australia,Oceania,City,160.05,Summer,4.4
Lush Valley,South Africa,Africa,Beach,161.37,Spring,4.7
Mystic Ruins,Morocco,Africa,Beach,99.35,Winter,4
Mystic Falls,Australia,Oceania,Nature,96.79,Spring,4.5
Grand Temple,Argentina,South America,Historical,210.45,Autumn,4.3
Lush Valley,Canada,North America,Nature,130.41,Summer,4.2
Ancient Pagoda,France,Europe,City,169.05,Spring,4.4
Crystal Ruins,Greece,Europe,Adventure,125.17,Spring,4.2
Ancient Ruins,Spain,Europe,Historical,105.19,Spring,4.6
Lush Ruins,India,Asia,Historical,124.09,Autumn,4.9
Crystal Plaza,Greece,Europe,Nature,155.63,Autumn,4.8
Sacred Park,Thailand,Asia,Nature,203.13,Winter,4.4
Sacred Pagoda,Peru,South America,Historical,194.53,Summer,4.6
Golden Temple,Brazil,South America,Religious,233.19,Summer,4.6
Crystal Plaza,New Zealand,Oceania,Beach,93.1,Winter,4.6
Serene Plaza,USA,North America,Nature,127.57,Autumn,4.6
Lush Forest,India,Asia,Religious,124.89,Summer,4.2
Ancient Plaza,India,Asia,Beach,204.83,Summer,3.8
Hidden Falls,Thailand,Asia,City,198.48,Autumn,4.6
Lush Valley,Egypt,Africa,Adventure,150.16,Winter,4.9
Lush Ruins,Brazil,South America,Adventure,135.47,Summer,4.3
Grand Beach,Morocco,Africa,City,179.36,Spring,4.4
Serene Beach,Japan,Asia,Adventure,260.28,Autumn,4.9
Mystic Valley,Kenya,Africa,Adventure,113.01,Spring,4.1
Crystal Pagoda,Germany,Europe,Beach,174.45,Spring,4.4
Crystal Ruins,Thailand,Asia,Nature,189.5,Winter,4.8
Crystal Ruins,Italy,Europe,Beach,202.94,Autumn,4.6
Sacred Ruins,Canada,North America,Historical,147.42,Autumn,4.7
Sacred Park,Thailand,Asia,Historical,176.15,Autumn,4.5
Hidden Beach,Canada,North America,Beach,117.22,Winter,4.4
Hidden Valley,Germany,Europe,Adventure,201.69,Winter,4.3
Golden Pagoda,Kenya,Africa,Adventure,226.44,Spring,4.5
Ancient Beach,Germany,Europe,Religious,46.39,Autumn,4.2
Sacred Ruins,Canada,North America,Religious,218.92,Winter,4.5
Serene Park,Egypt,Africa,Adventure,252.15,Winter,4.6
Crystal Forest,France,Europe,Historical,164.34,Spring,4.5
Lush Plaza,Greece,Europe,Religious,242.9,Autumn,4.8
Grand Forest,Thailand,Asia,Historical,159.63,Spring,5
Hidden Ruins,Peru,South America,Beach,116.56,Winter,4.4
Grand Canyon,New Zealand,Oceania,Nature,144.26,Winter,4.7
Ancient Valley,Kenya,Africa,Religious,165.63,Autumn,5
Grand Valley,Greece,Europe,Beach,190.4,Summer,4.2
Sacred Park,Vietnam,Asia,Religious,141.38,Summer,4.1
Serene Temple,Italy,Europe,Religious,186.64,Spring,4.1
Lush Valley,India,Asia,Nature,134.43,Autumn,4.9
Grand Beach,Japan,Asia,Adventure,229.92,Autumn,4.7
Crystal Canyon,Japan,Asia,City,122.23,Spring,4.5
Grand Beach,Thailand,Asia,Religious,44.76,Winter,5
Sacred Park,France,Europe,Beach,126.29,Winter,4.6
Grand Temple,Peru,South America,Historical,140.7,Winter,4
Grand Beach,New Zealand,Oceania,Adventure,58.69,Winter,4.8
Grand Ruins,South Africa,Africa,Adventure,214.4,Winter,4.5
Ancient Ruins,China,Asia,Historical,175.42,Winter,4.4
Crystal Forest,Australia,Oceania,Beach,186.55,Autumn,4.7
Golden Plaza,USA,North America,Historical,161.62,Winter,4.8
Sacred Valley,France,Europe,Religious,259.25,Winter,4.3
Mystic Pagoda,South Africa,Africa,Adventure,106.31,Summer,4.8
Serene Canyon,Morocco,Africa,Religious,141.48,Spring,4.3
Grand Canyon,Canada,North America,Nature,149.27,Winter,4
Mystic Beach,Kenya,Africa,Beach,206.09,Spring,4.4
Ancient Valley,Morocco,Africa,Nature,138.92,Summer,4.6
Ancient Valley,Germany,Europe,Historical,89.17,Spring,4.2
Lush Beach,Vietnam,Asia,Historical,197,Winter,4.4
Ancient Temple,Thailand,Asia,Beach,133.24,Autumn,4.1
Lush Ruins,Kenya,Africa,Adventure,157.15,Autumn,4.6
Golden Valley,USA,North America,Historical,148.97,Summer,4.6
Sacred Beach,Peru,South America,Historical,128.14,Autumn,4
Serene Park,USA,North America,Nature,180.48,Spring,4
Mystic Temple,France,Europe,Nature,227.18,Summer,4.5
Mystic Temple,Japan,Asia,Beach,100.32,Winter,4.5
Lush Temple,Spain,Europe,Religious,63.33,Winter,4.6
Lush Plaza,Spain,Europe,Historical,197.81,Spring,5
Serene Canyon,Australia,Oceania,Adventure,113.23,Winter,4.5
Serene Pagoda,China,Asia,Beach,58.96,Spring,4.3
Crystal Falls,Thailand,Asia,Adventure,172.6,Autumn,4.1
Hidden Falls,Egypt,Africa,Beach,144.24,Autumn,4.4
Golden Forest,Morocco,Africa,Beach,165.66,Autumn,4.5
Sacred Falls,Brazil,South America,Nature,111.66,Autumn,4.5
Hidden Plaza,China,Asia,Beach,185.31,Summer,4.9
Hidden Falls,USA,North America,Historical,162.42,Winter,4.5
Golden Falls,Germany,Europe,Historical,151.62,Summer,4.7
Sacred Valley,Canada,North America,Adventure,96.32,Spring,4.5
Ancient Forest,China,Asia,Historical,266.96,Winter,4.4
Grand Plaza,Brazil,South America,Religious,148.01,Summer,4.1
Lush Pagoda,Peru,South America,Historical,88.32,Winter,3.9
Lush Ruins,Italy,Europe,Historical,70.88,Autumn,4.7
Golden Canyon,Egypt,Africa,Historical,133.74,Autumn,4.2
Crystal Ruins,France,Europe,Religious,184.46,Summer,4.3
Golden Valley,China,Asia,Beach,147.48,Summer,4.3
Crystal Falls,Vietnam,Asia,Beach,157.48,Autumn,4.5
Hidden Pagoda,Japan,Asia,Adventure,133.15,Summer,4.5
Lush Pagoda,Egypt,Africa,Beach,169.63,Autumn,4.6
Ancient Beach,Morocco,Africa,Beach,179.13,Spring,4.4
Hidden Plaza,Mexico,North America,Beach,115.38,Summer,4.3
Hidden Forest,Mexico,North America,City,128.76,Summer,4.8
Golden Valley,France,Europe,Religious,195.4,Summer,4.5
Grand Canyon,Italy,Europe,Historical,189.9,Summer,4.1
Hidden Ruins,USA,North America,City,263.79,Autumn,4.2
Sacred Forest,South Africa,Africa,Adventure,148.04,Autumn,4
Crystal Falls,Mexico,North America,Nature,156.87,Autumn,5
Crystal Valley,Vietnam,Asia,City,53.46,Summer,4.3
Serene Valley,Japan,Asia,Nature,145.4,Winter,4.5
Serene Pagoda,Spain,Europe,Adventure,105.93,Summer,4.9
Serene Park,China,Asia,City,111.69,Autumn,4.2
Crystal Pagoda,Australia,Oceania,Nature,92.56,Spring,4.6
Serene Falls,Morocco,Africa,City,177.48,Summer,5
Serene Valley,China,Asia,Adventure,227.69,Winter,3.9
Ancient Ruins,Brazil,South America,Adventure,160.93,Winter,4.4
Lush Ruins,India,Asia,Beach,110.63,Summer,4.1
Lush Falls,Brazil,South America,Beach,131.55,Autumn,4.6
Serene Ruins,Brazil,South America,Beach,109.9,Summer,3.8
Golden Pagoda,China,Asia,Nature,177.8,Autumn,4.3
Grand Plaza,Brazil,South America,Historical,105.49,Summer,4
Crystal Forest,Canada,North America,Historical,107.68,Winter,4.8
Golden Temple,Egypt,Africa,Adventure,163.2,Autumn,4.5
Golden Park,Greece,Europe,City,269.09,Summer,4.7
Crystal Temple,Brazil,South America,City,155.26,Summer,4.9
Ancient Temple,Egypt,Africa,Religious,155.36,Autumn,4.2
Serene Falls,Brazil,South America,Adventure,188,Winter,4.4
Ancient Ruins,Morocco,Africa,Historical,164.55,Spring,4.3
Serene Ruins,Australia,Oceania,Religious,151.54,Autumn,3.8
Hidden Pagoda,Peru,South America,Religious,138.76,Summer,4.2
Golden Ruins,Germany,Europe,Beach,216.04,Autumn,4.6
Golden Park,Brazil,South America,Beach,180.01,Winter,4.8
Serene Pagoda,Japan,Asia,Adventure,113.25,Summer,5
Crystal Temple,Greece,Europe,Beach,165.39,Summer,5
Ancient Valley,Australia,Oceania,Nature,183.82,Winter,4.4
Hidden Forest,Argentina,South America,Religious,144.9,Spring,4.2
Lush Beach,Brazil,South America,Religious,148.66,Autumn,4.9
Lush Valley,Japan,Asia,Historical,120.01,Spring,4
Grand Temple,Brazil,South America,Religious,165.49,Summer,4.7
Serene Park,Kenya,Africa,City,101.71,Spring,4.3
Serene Plaza,Thailand,Asia,Historical,73.65,Winter,4.3
Sacred Pagoda,Morocco,Africa,Beach,129.38,Spring,4.3
Hidden Falls,Australia,Oceania,City,51.27,Spring,4.3
Crystal Canyon,China,Asia,Nature,163.62,Autumn,4.6
Ancient Plaza,Canada,North America,Beach,117.08,Spring,4.6
Golden Pagoda,India,Asia,Nature,204.61,Spring,4.3
Sacred Canyon,Kenya,Africa,City,168.05,Autumn,4.8
Crystal Valley,Egypt,Africa,Nature,214.54,Winter,5
Crystal Park,Argentina,South America,Beach,175.73,Autumn,4.4
Grand Falls,Greece,Europe,Beach,76.48,Autumn,4.1
Hidden Canyon,Kenya,Africa,Beach,183.86,Summer,4.2
Crystal Ruins,Australia,Oceania,Religious,230.94,Winter,4.6
Golden Pagoda,Canada,North America,Adventure,206.04,Summer,4.3
Ancient Canyon,Japan,Asia,City,228.69,Autumn,4.6
Grand Falls,Argentina,South America,Nature,130.75,Spring,3.9
Grand Forest,South Africa,Africa,City,153.98,Winter,4.7
Lush Forest,Canada,North America,Historical,188.22,Spring,4.2
Sacred Pagoda,USA,North America,Adventure,137.13,Autumn,4.8
Grand Pagoda,Peru,South America,Nature,74.98,Spring,4.4
Sacred Beach,Thailand,Asia,Adventure,136.38,Autumn,4.9
Crystal Temple,Thailand,Asia,Beach,136.99,Winter,4.3
Sacred Park,South Africa,Africa,Nature,74.5,Spring,4.4
Golden Pagoda,Argentina,South America,Beach,100.78,Autumn,4.4
Crystal Valley,Australia,Oceania,Adventure,204.21,Summer,4.6
Lush Falls,Peru,South America,Nature,69.52,Summer,4.3
Sacred Ruins,Italy,Europe,Beach,123.06,Summer,4.4
Mystic Canyon,New Zealand,Oceania,Religious,211.27,Autumn,4.4
Serene Valley,Morocco,Africa,Historical,111.41,Summer,4.4
Ancient Forest,Spain,Europe,Beach,195.59,Winter,4.3
Golden Forest,Greece,Europe,City,132.64,Winter,4.7
Crystal Plaza,India,Asia,Adventure,166.83,Summer,4.8
Sacred Canyon,Vietnam,Asia,City,64.9,Winter,4.3
Ancient Plaza,Egypt,Africa,Religious,163.04,Autumn,4.5
Serene Ruins,Germany,Europe,Religious,136.26,Summer,3.8
Crystal Canyon,Australia,Oceania,Religious,206.82,Winter,4.2
Crystal Plaza,Kenya,Africa,Beach,158.38,Autumn,4.8
Grand Ruins,China,Asia,Religious,108.54,Summer,4
Grand Beach,France,Europe,Historical,59.65,Autumn,4.4
Lush Beach,South Africa,Africa,Historical,118.58,Summer,4.4
Lush Canyon,Japan,Asia,City,140.49,Autumn,4.1
Sacred Temple,France,Europe,City,182.13,Spring,4.7
Mystic Ruins,Japan,Asia,Religious,87.89,Autumn,4.2
Mystic Canyon,Japan,Asia,Religious,144.43,Spring,4.9
Lush Plaza,Kenya,Africa,Historical,171.58,Autumn,4.7
Sacred Forest,Vietnam,Asia,Nature,172.31,Winter,4.5
Hidden Park,Brazil,South America,City,180.44,Spring,4.3
Mystic Temple,Egypt,Africa,Adventure,182.98,Summer,4.2
Lush Falls,Greece,Europe,Religious,192.11,Summer,4.5
Mystic Plaza,Mexico,North America,Religious,130,Winter,4.2
Ancient Beach,Thailand,Asia,Beach,83.46,Summer,3.8
Golden Ruins,Spain,Europe,Adventure,204.61,Spring,4.1
Sacred Temple,Peru,South America,Beach,161.98,Autumn,4.7
Crystal Temple,Canada,North America,Historical,153.11,Autumn,4.3
Sacred Temple,Canada,North America,Religious,90.61,Winter,4.4
Ancient Temple,Spain,Europe,Nature,150.2,Summer,4.7
Grand Park,Italy,Europe,City,73.42,Summer,4.8
Sacred Pagoda,New Zealand,Oceania,Beach,83.29,Spring,4.4
Hidden Park,Canada,North America,City,111.79,Autumn,4.8
Grand Valley,New Zealand,Oceania,City,118.29,Summer,4.2
Crystal Valley,South Africa,Africa,Beach,121.48,Winter,4.1
Sacred Falls,Greece,Europe,Adventure,30,Winter,4.7
Crystal Plaza,France,Europe,City,141.12,Spring,4.7
Ancient Forest,Japan,Asia,Beach,77.17,Winter,4.4
Golden Forest,South Africa,Africa,City,155.35,Spring,4.4
Crystal Beach,Greece,Europe,Nature,170.93,Autumn,4.6
Hidden Beach,Italy,Europe,Historical,167.09,Autumn,4.5
Golden Temple,Germany,Europe,City,115.12,Spring,4.2
Ancient Plaza,Vietnam,Asia,Beach,187.78,Summer,4.4
Lush Ruins,Egypt,Africa,Religious,184.02,Summer,4.5
Lush Forest,Brazil,South America,Religious,166,Summer,4.1
Crystal Temple,Mexico,North America,Religious,144.92,Spring,4.4
Serene Forest,France,Europe,Beach,198.8,Summer,4.9
Golden Plaza,Egypt,Africa,Adventure,142.28,Summer,4.2
Grand Forest,China,Asia,Religious,148.17,Winter,4.7
Hidden Falls,Germany,Europe,Beach,149.39,Autumn,5
Serene Temple,Canada,North America,Historical,164.68,Autumn,4.6
Sacred Park,Spain,Europe,Nature,154.3,Summer,4.3
Ancient Beach,Italy,Europe,Beach,131.33,Winter,4.3
Hidden Falls,Germany,Europe,Adventure,30,Winter,4.1
Mystic Park,Egypt,Africa,Religious,125.88,Winter,4.8
Ancient Canyon,China,Asia,Adventure,209.21,Summer,4.8
Hidden Temple,New Zealand,Oceania,City,30.78,Autumn,4.7
Sacred Canyon,India,Asia,Religious,81.31,Spring,4.8
Sacred Forest,Morocco,Africa,City,129.45,Spring,4.8
Lush Canyon,Greece,Europe,Beach,79.44,Spring,4.5
Sacred Temple,Spain,Europe,City,143.57,Winter,4.3
Mystic Beach,Argentina,South America,Religious,229.06,Winter,4.4
Lush Valley,Mexico,North America,Religious,158.27,Autumn,4.1
Grand Canyon,France,Europe,Adventure,164.78,Summer,4.6
Grand Pagoda,Spain,Europe,Beach,97.44,Spring,3.7
Serene Temple,France,Europe,Adventure,110.66,Autumn,4.3
Crystal Beach,China,Asia,City,156.78,Autumn,4.7
Hidden Canyon,New Zealand,Oceania,Historical,137.4,Summer,4.7
Grand Plaza,South Africa,Africa,City,175.23,Summer,4.7
Crystal Forest,Italy,Europe,Beach,180.71,Autumn,3.8
Grand Pagoda,India,Asia,Adventure,112.7,Spring,4.3
Crystal Valley,Mexico,North America,City,118.94,Summer,4.8
Grand Beach,Mexico,North America,Nature,205.93,Spring,4.5
Crystal Park,Egypt,Africa,Historical,139.02,Spring,4.3
Hidden Canyon,France,Europe,Beach,215.78,Spring,4.6
Golden Pagoda,USA,North America,Adventure,173.07,Autumn,4.9
Sacred Temple,Italy,Europe,Historical,97.22,Autumn,4.4
Sacred Falls,Thailand,Asia,Beach,182.37,Summer,4
Crystal Canyon,Spain,Europe,Adventure,211.2,Winter,4.4
Mystic Park,Vietnam,Asia,City,234.91,Winter,3.8
Golden Ruins,Morocco,Africa,Beach,125.4,Winter,4.9
Golden Forest,Kenya,Africa,Nature,222.56,Autumn,4.3
Golden Falls,Mexico,North America,Beach,146.82,Spring,4.1
Hidden Valley,New Zealand,Oceania,Religious,188.54,Summer,4.5
